id;first_name;last_name;email;gender;Car Make;Car Model;Car Model Year
1;Kym;Hamshere;khamshere0@so-net.ne.jp;Female;Jaguar;XJ Series;1992
2;Tammy;Reveland;treveland1@psu.edu;Female;Ford;Ranger;2005
3;Karlie;Ropars;kropars2@ezinearticles.com;Female;Volvo;S70;1998
4;Hurley;Simone;hsimone3@google.fr;Male;Chevrolet;Silverado 3500;2011
5;Ermina;Renals;erenals4@merriam-webster.com;Female;Mazda;Mazda6;2008
6;Iggy;Teall;iteall5@myspace.com;Male;GMC;Envoy;2004
7;Nancy;Mc Meekin;nmcmeekin6@google.ru;Female;Saab;9-7X;2006
8;Rich;Leroy;rleroy7@gizmodo.com;Male;Mercury;Cougar;1993
9;Mannie;Birchwood;mbirchwood8@cnbc.com;Male;Audi;S8;2006
10;Moore;Ambrosini;mambrosini9@economist.com;Male;Mazda;Millenia;1999
11;Creight;Bolduc;cbolduca@zimbio.com;Male;Audi;100;1991
12;Gelya;Gogarty;ggogartyb@hud.gov;Female;Mercedes-Benz;300SD;1993
13;Jorrie;Patching;jpatchingc@nationalgeographic.com;Female;Mazda;Miata MX-5;1993
14;Kylie;Johnes;kjohnesd@webnode.com;Female;Plymouth;Neon;1999
15;Denys;Batalini;dbatalinie@ovh.net;Male;Ford;Country;1967
16;Madlen;Monnelly;mmonnellyf@meetup.com;Female;Bentley;Continental;2010
17;Ellery;Balasini;ebalasinig@ifeng.com;Male;Mercedes-Benz;CLK-Class;2009
18;Reider;Gandley;rgandleyh@earthlink.net;Male;Spyker;C8 Spyder Wide Body;2004
19;Jacquenette;Cram;jcrami@ocn.ne.jp;Female;Dodge;Caravan;1996
20;Brinna;Macilhench;bmacilhenchj@google.de;Female;Ford;Thunderbird;1992
21;Constancia;Gillyett;cgillyettk@github.io;Female;Pontiac;Vibe;2005
22;Yancey;Dimitru;ydimitrul@blogs.com;Male;Hyundai;Scoupe;1994
23;Christophe;Volante;cvolantem@canalblog.com;Male;Dodge;Dakota;2002
24;Rowena;Nuzzti;rnuzztin@indiatimes.com;Female;Pontiac;Firebird;1967
25;Joellen;Loeber;jloebero@engadget.com;Female;Porsche;Cayenne;2008
26;Chrotoem;Ruddin;cruddinp@who.int;Male;Chevrolet;G-Series G10;1993
27;Karita;Garwill;kgarwillq@bluehost.com;Female;Toyota;Land Cruiser;1998
28;Ruby;Kuhn;rkuhnr@163.com;Female;Holden;VS Commodore;1995
29;Tristam;Attenborough;tattenboroughs@miibeian.gov.cn;Male;Cadillac;Escalade;2009
30;Athene;Dollard;adollardt@blogtalkradio.com;Female;GMC;Yukon XL 2500;2009
31;Arlan;Stutard;astutardu@plala.or.jp;Male;Pontiac;Aztek;2005
32;Lynda;Murphey;lmurpheyv@histats.com;Female;Austin;Mini Cooper;1961
33;Jaynell;Thomason;jthomasonw@vk.com;Female;Dodge;Sprinter;2009
34;Archibaldo;Hoyland;ahoylandx@bizjournals.com;Male;Ford;E-Series;1992
35;Lizbeth;Darkott;ldarkotty@technorati.com;Female;Buick;LeSabre;1999
36;Hamlin;Macenzy;hmacenzyz@sourceforge.net;Male;Dodge;Caliber;2010
37;Natalya;Pavis;npavis10@si.edu;Female;Mercedes-Benz;300TE;1993
38;Geoff;Handrick;ghandrick11@weibo.com;Male;Chevrolet;Corvette;2006
39;Barton;Jeaffreson;bjeaffreson12@furl.net;Male;Lincoln;Navigator L;2007
40;Layton;De Cruz;ldecruz13@freewebs.com;Male;Mazda;Miata MX-5;1997
41;Vikky;Eilert;veilert14@indiatimes.com;Female;GMC;Envoy;2007
42;Ervin;Peeke;epeeke15@gov.uk;Male;Ford;Escort;2004
43;Ramonda;Piele;rpiele16@cocolog-nifty.com;Female;Mercedes-Benz;S-Class;2006
44;Fitzgerald;Pickton;fpickton17@hugedomains.com;Male;Ford;Escape;2013
45;Brandyn;Halward;bhalward18@sbwire.com;Male;Land Rover;LR3;2005
46;Dominica;Clemont;dclemont19@ucla.edu;Female;Mercedes-Benz;300SE;1992
47;Livia;Hadrill;lhadrill1a@tripadvisor.com;Female;Lincoln;MKS;2012
48;Aarika;Gilbank;agilbank1b@vkontakte.ru;Female;Nissan;Quest;1996
49;Baxter;Kilian;bkilian1c@exblog.jp;Male;Chevrolet;Monte Carlo;2000
50;Sibbie;Chastang;schastang1d@joomla.org;Female;Nissan;Xterra;2012
51;Philip;MacCathay;pmaccathay1e@dedecms.com;Male;Lotus;Esprit;2002
52;Lavinie;Baglan;lbaglan1f@comsenz.com;Female;BMW;7 Series;2002
53;Dom;Foro;dforo1g@chron.com;Male;Toyota;Paseo;1995
54;Clio;Musla;cmusla1h@ebay.co.uk;Female;Acura;RDX;2008
55;Fidelity;Blandamere;fblandamere1i@utexas.edu;Female;GMC;Sonoma;2003
56;Claudio;Dodds;cdodds1j@nytimes.com;Male;Subaru;Baja;2006
57;Mano;Matyashev;mmatyashev1k@weibo.com;Male;Bentley;Continental GT;2009
58;Corey;Gunney;cgunney1l@comsenz.com;Female;Volkswagen;Golf;1993
59;Delmar;Cassey;dcassey1m@jimdo.com;Male;Buick;Regal;1994
60;Rustie;Bryce;rbryce1n@naver.com;Male;Volvo;XC90;2011
61;Boyce;Pitkethly;bpitkethly1o@businessweek.com;Male;Toyota;Corolla;1994
62;Ignaz;Philippard;iphilippard1p@multiply.com;Male;Nissan;Rogue;2012
63;Klaus;Bridgwood;kbridgwood1q@eventbrite.com;Male;Mazda;RX-8;2010
64;Neal;Linnitt;nlinnitt1r@eventbrite.com;Male;Lincoln;Navigator L;2012
65;Franky;Creelman;fcreelman1s@salon.com;Female;Mercedes-Benz;E-Class;1987
66;Sonny;Davitashvili;sdavitashvili1t@oakley.com;Male;GMC;Canyon;2007
67;Carola;Brame;cbrame1u@ustream.tv;Female;Audi;riolet;1994
68;Sawyer;Dalston;sdalston1v@biblegateway.com;Male;Dodge;Charger;2012
69;Olly;Trevarthen;otrevarthen1w@arstechnica.com;Male;Toyota;Venza;2013
70;Patin;Yarnton;pyarnton1x@people.com.cn;Male;Dodge;Ram 2500 Club;1998
71;Olav;Bandiera;obandiera1y@drupal.org;Male;Ford;Econoline E150;2000
72;Wendeline;O'Mahoney;womahoney1z@sakura.ne.jp;Female;Mercedes-Benz;600SEL;1993
73;Lancelot;Attiwill;lattiwill20@pcworld.com;Male;Cadillac;CTS-V;2007
74;Theressa;Dilliston;tdilliston21@engadget.com;Female;Plymouth;Grand Voyager;1993
75;Amye;Wroughton;awroughton22@1688.com;Female;Acura;TL;1995
76;Alexandra;Allder;aallder23@cafepress.com;Female;Mercury;Milan;2010
77;Cassaundra;Mayworth;cmayworth24@mtv.com;Female;Scion;tC;2008
78;Yoshiko;Addy;yaddy25@dedecms.com;Female;Mercedes-Benz;M-Class;2003
79;Stanford;Dwyer;sdwyer26@wikia.com;Male;Mazda;Mazda3;2010
80;Mervin;Cluely;mcluely27@timesonline.co.uk;Male;Nissan;350Z;2003
81;Pammy;Bonnar;pbonnar28@bizjournals.com;Female;Mazda;Millenia;1997
82;Lucretia;Monnery;lmonnery29@chronoengine.com;Female;Ford;Bronco II;1988
83;Kattie;Vase;kvase2a@ucoz.com;Female;Ford;F150;1997
84;Lea;Claiden;lclaiden2b@ucoz.com;Female;Infiniti;QX;1997
85;Emory;Maddison;emaddison2c@hexun.com;Male;Nissan;Murano;2005
86;Harald;Johnes;hjohnes2d@yahoo.co.jp;Male;Oldsmobile;LSS;1998
87;Leontine;Plumridge;lplumridge2e@jimdo.com;Female;Ford;F250;1984
88;Cary;Lickess;clickess2f@nyu.edu;Male;Mitsubishi;Mirage;1989
89;Alano;Kitcher;akitcher2g@archive.org;Male;Mercury;Cougar;2000
90;Eddie;Dunstall;edunstall2h@earthlink.net;Male;Dodge;Viper;2001
91;Angel;Murcutt;amurcutt2i@sbwire.com;Female;Acura;NSX;1993
92;Penny;Kurdani;pkurdani2j@issuu.com;Female;Chevrolet;Silverado 2500;2012
93;Ave;Coiley;acoiley2k@go.com;Male;Dodge;Grand Caravan;1999
94;Karlee;McCanny;kmccanny2l@fotki.com;Female;Ford;Falcon;1967
95;Deloria;Mougel;dmougel2m@dyndns.org;Female;Ford;F-Series;1997
96;Lucita;Pimblott;lpimblott2n@uol.com.br;Female;Hyundai;Tiburon;2007
97;Denise;Allman;dallman2o@abc.net.au;Female;Pontiac;LeMans;1968
98;Holt;Poschel;hposchel2p@statcounter.com;Male;Audi;S6;2009
99;Buiron;Lambertini;blambertini2q@shinystat.com;Male;Acura;RL;2012
100;Odele;Suttell;osuttell2r@drupal.org;Female;Hyundai;Sonata;1995
101;Brand;Drohun;bdrohun2s@youtu.be;Male;Ford;Escape;2006
102;Moyra;Marsay;mmarsay2t@amazonaws.com;Female;Buick;Rendezvous;2003
103;Onofredo;Gettins;ogettins2u@hostgator.com;Male;Acura;Integra;1996
104;Sarena;Kordes;skordes2v@bloglines.com;Female;GMC;Savana 2500;2007
105;Betta;Whitsun;bwhitsun2w@oaic.gov.au;Female;Nissan;240SX;1996
106;Shandra;Elcome;selcome2x@ow.ly;Female;GMC;1500 Club Coupe;1994
107;Grange;Annandale;gannandale2y@marketwatch.com;Male;Ford;Ranger;2008
108;Cristiano;Sappson;csappson2z@answers.com;Male;Lamborghini;Gallardo;2007
109;Veronike;Thraves;vthraves30@earthlink.net;Female;Cadillac;Seville;1996
110;Clive;Fache;cfache31@foxnews.com;Male;Lexus;ES;1998
111;Bessy;Commander;bcommander32@illinois.edu;Female;Mazda;Mazda3;2009
112;Stevie;Curle;scurle33@stanford.edu;Male;Mercedes-Benz;S-Class;2005
113;Bertina;Di Filippo;bdifilippo34@edublogs.org;Female;Audi;S8;2001
114;Augustin;Dyson;adyson35@huffingtonpost.com;Male;Chevrolet;Malibu;2006
115;Derwin;Udie;dudie36@360.cn;Male;Volkswagen;Tiguan;2012
116;Donal;Spaduzza;dspaduzza37@dyndns.org;Male;Mazda;626;1992
117;Kin;Hegley;khegley38@hostgator.com;Male;Ford;E-350 Super Duty;2006
118;Adair;Gaffney;agaffney39@google.de;Male;Ford;F-Series Super Duty;2009
119;Archie;Swaby;aswaby3a@sakura.ne.jp;Male;GMC;Sierra 2500;2005
120;Nelie;Burlingame;nburlingame3b@unc.edu;Female;Plymouth;Laser;1989
121;Darby;Crocetto;dcrocetto3c@walmart.com;Male;Saab;900;1986
122;Meredith;Tongs;mtongs3d@mtv.com;Male;Nissan;Pathfinder;1995
123;Pen;Stonbridge;pstonbridge3e@yandex.ru;Female;MINI;Cooper Clubman;2011
124;Maureen;Elman;melman3f@arstechnica.com;Female;Volkswagen;Jetta;2001
125;Gerrie;McCoy;gmccoy3g@earthlink.net;Male;Maybach;Landaulet;2010
126;Sibella;Longland;slongland3h@technorati.com;Female;Buick;Regal;1999
127;Eddie;Adaway;eadaway3i@linkedin.com;Male;Cadillac;SRX;2006
128;Andras;Mahaddie;amahaddie3j@gravatar.com;Male;Bentley;Continental GT;2012
129;Magdaia;Turfin;mturfin3k@usnews.com;Female;BMW;3 Series;2007
130;Pierson;Scole;pscole3l@netvibes.com;Male;Volkswagen;Cabriolet;1995
131;Tessy;Gooddy;tgooddy3m@cpanel.net;Female;Mercedes-Benz;E-Class;1998
132;Gilly;Gwilliams;ggwilliams3n@icio.us;Female;Subaru;Outback;2002
133;Ab;Hendrix;ahendrix3o@uol.com.br;Male;Honda;Civic;2005
134;Kara-lynn;Ardley;kardley3p@huffingtonpost.com;Female;Chevrolet;Astro;2002
135;Nedi;Phettiplace;nphettiplace3q@tiny.cc;Female;Mitsubishi;3000GT;1994
136;Garnet;Burnage;gburnage3r@t-online.de;Female;Land Rover;Range Rover;2010
137;Marilin;Lewry;mlewry3s@nyu.edu;Female;Dodge;Caliber;2007
138;Ferdinand;Taill;ftaill3t@usgs.gov;Male;Saturn;S-Series;1993
139;Leeanne;Champain;lchampain3u@slashdot.org;Female;Jaguar;S-Type;2003
140;Judah;Andrich;jandrich3v@wikia.com;Male;Suzuki;Grand Vitara;1999
141;Emile;Krauss;ekrauss3w@meetup.com;Male;Chevrolet;Impala SS;1994
142;Gabriel;Danilin;gdanilin3x@scientificamerican.com;Female;Kia;Amanti;2007
143;Damian;Scupham;dscupham3y@twitter.com;Male;Audi;TT;2006
144;Melicent;Lotte;mlotte3z@youtu.be;Female;Lexus;RX Hybrid;2012
145;Mildrid;Breffitt;mbreffitt40@geocities.com;Female;Nissan;Quest;2012
146;Lance;Grocutt;lgrocutt41@theglobeandmail.com;Male;BMW;Z4 M;2008
147;Dulcine;Friskey;dfriskey42@archive.org;Female;BMW;M3;2001
148;Shannah;Cudiff;scudiff43@stumbleupon.com;Female;Pontiac;GTO;2006
149;Yuri;Cruden;ycruden44@bigcartel.com;Male;Volkswagen;New Beetle;2003
150;Othelia;McCoveney;omccoveney45@networkadvertising.org;Female;Toyota;Corolla;2002
151;Tootsie;Melody;tmelody46@mozilla.com;Female;Infiniti;Q;2001
152;Ario;Ilyuchyov;ailyuchyov47@vk.com;Male;Ford;Explorer;2005
153;Rafa;Gamlyn;rgamlyn48@paginegialle.it;Female;Ford;Escort;1986
154;Stormie;Rosas;srosas49@buzzfeed.com;Female;Maserati;Quattroporte;2012
155;Gregor;Vizard;gvizard4a@ow.ly;Male;Dodge;D350 Club;1993
156;Alberta;MacCrann;amaccrann4b@trellian.com;Female;BMW;X3;2009
157;Kareem;Sweeney;ksweeney4c@cdc.gov;Male;Ford;F150;1995
158;Frederich;Congram;fcongram4d@myspace.com;Male;Maybach;57;2003
159;Dunstan;Parnby;dparnby4e@fotki.com;Male;Dodge;Ram 3500;1994
160;Wilone;Snoxell;wsnoxell4f@shareasale.com;Female;Cadillac;STS-V;2006
161;Freedman;Matfin;fmatfin4g@desdev.cn;Male;Mazda;929;1990
162;Layla;Gomersal;lgomersal4h@artisteer.com;Female;Mercury;Sable;1987
163;Angy;Leap;aleap4i@360.cn;Female;Infiniti;M;2004
164;Clementine;Piddocke;cpiddocke4j@woothemes.com;Female;Toyota;4Runner;1996
165;Boycey;Gostall;bgostall4k@example.com;Male;Saab;9-3;2012
166;Nathanael;Ewins;newins4l@list-manage.com;Male;Honda;Prelude;1992
167;Christal;Peracco;cperacco4m@eepurl.com;Female;Isuzu;Stylus;1993
168;Frederick;Cissell;fcissell4n@berkeley.edu;Male;Audi;A8;2005
169;Kendal;Fosdike;kfosdike4o@list-manage.com;Male;Buick;Regal;1991
170;Jillayne;Galbreth;jgalbreth4p@g.co;Female;Pontiac;Montana;2000
171;Wallas;Hawkshaw;whawkshaw4q@etsy.com;Male;Maserati;228;1990
172;Royall;Abrahmer;rabrahmer4r@mac.com;Male;Mitsubishi;Montero;1992
173;Gabi;Febry;gfebry4s@shareasale.com;Male;Mitsubishi;Eclipse;1996
174;Booth;Benns;bbenns4t@pinterest.com;Male;Lotus;Esprit;1990
175;Gauthier;Larenson;glarenson4u@acquirethisname.com;Male;Toyota;Sienna;1998
176;Eden;Duthy;eduthy4v@geocities.com;Female;Lexus;GS;2013
177;Karlik;Krugmann;kkrugmann4w@soup.io;Male;Kia;Optima;2011
178;Chico;St. John;cstjohn4x@unicef.org;Male;Porsche;Cayman;2012
179;Fayina;Shaefer;fshaefer4y@blog.com;Female;Mitsubishi;Chariot;1991
180;Katrinka;Phippard;kphippard4z@utexas.edu;Female;Audi;RS 4;2008
181;Boris;Balbeck;bbalbeck50@vistaprint.com;Male;Toyota;Previa;1997
182;Bambie;Gebbie;bgebbie51@naver.com;Female;GMC;Envoy;2009
183;Gwenore;Yanov;gyanov52@newsvine.com;Female;GMC;Sierra 1500;1999
184;Inger;Hanrahan;ihanrahan53@simplemachines.org;Male;Hyundai;Accent;1999
185;Curry;Danbury;cdanbury54@hud.gov;Male;Plymouth;Voyager;1997
186;Farris;Goodspeed;fgoodspeed55@shutterfly.com;Male;Mazda;MX-5;1990
187;Pearla;Donohoe;pdonohoe56@hatena.ne.jp;Female;Mazda;B-Series;1993
188;Carmelle;Mirando;cmirando57@indiatimes.com;Female;Suzuki;Grand Vitara;1999
189;Mort;Fitzsymons;mfitzsymons58@yellowpages.com;Male;Dodge;Sprinter;2008
190;Sunny;Bloy;sbloy59@jugem.jp;Female;Dodge;Ram Van 3500;2000
191;Josefina;McGirr;jmcgirr5a@blogs.com;Female;Maserati;Biturbo;1986
192;Amy;Anthes;aanthes5b@adobe.com;Female;Toyota;Camry;1999
193;Deeanne;Van Dijk;dvandijk5c@infoseek.co.jp;Female;Mazda;CX-7;2012
194;Petra;Seedhouse;pseedhouse5d@t.co;Female;Chrysler;New Yorker;1996
195;Zorina;Sheeres;zsheeres5e@merriam-webster.com;Female;Lotus;Esprit;1986
196;Haleigh;Aldwinckle;haldwinckle5f@hibu.com;Female;Hyundai;XG350;2004
197;Scarface;Lawlance;slawlance5g@theguardian.com;Male;Toyota;Celica;2004
198;Doralia;Hamber;dhamber5h@unc.edu;Female;Chevrolet;Suburban 1500;1994
199;Claudell;Abbyss;cabbyss5i@fda.gov;Male;Isuzu;Amigo;1992
200;Thaine;Moyse;tmoyse5j@miibeian.gov.cn;Male;BMW;M6;2008
201;Donny;Conville;dconville5k@marketwatch.com;Female;Volkswagen;Passat;1993
202;Derek;Tomala;dtomala5l@utexas.edu;Male;Mitsubishi;Mirage;1999
203;Merilyn;Bardell;mbardell5m@miibeian.gov.cn;Female;BMW;Z3;1999
204;Duke;Sives;dsives5n@google.com.au;Male;Lamborghini;Murciélago;2003
205;Powell;McCathie;pmccathie5o@imageshack.us;Male;Acura;TL;2006
206;Dot;Alekhov;dalekhov5p@list-manage.com;Female;Mitsubishi;Lancer Evolution;2003
207;Bonita;Hassett;bhassett5q@whitehouse.gov;Female;Mercury;Cougar;1985
208;Maureen;Roglieri;mroglieri5r@fc2.com;Female;Dodge;Ram 2500;2005
209;Shurwood;Cornewall;scornewall5s@ebay.co.uk;Male;Ford;Mustang;1993
210;Sammy;Lombard;slombard5t@wufoo.com;Female;Plymouth;Voyager;1993
211;Martguerita;Spreag;mspreag5u@geocities.com;Female;Chevrolet;Prizm;1999
212;Cosimo;Riccardo;criccardo5v@time.com;Male;Dodge;Caliber;2009
213;Franny;Perell;fperell5w@guardian.co.uk;Male;Dodge;Ram 1500;2008
214;Adelle;Pierucci;apierucci5x@friendfeed.com;Female;Jeep;Liberty;2008
215;Beverley;Elphey;belphey5y@example.com;Female;Audi;S5;2012
216;Corbin;Southeran;csoutheran5z@t.co;Male;Lincoln;MKX;2008
217;Gregorio;Bartrum;gbartrum60@phoca.cz;Male;Chevrolet;Impala;2012
218;Ingeborg;Brierley;ibrierley61@yahoo.com;Female;BMW;Alpina B7;2008
219;Hollis;Gallaher;hgallaher62@businessinsider.com;Male;Lexus;IS;2010
220;Rab;Parley;rparley63@epa.gov;Male;Jaguar;XK;2006
221;Malcolm;Coultish;mcoultish64@about.com;Male;Maserati;430;1991
222;Kermit;Reinger;kreinger65@theglobeandmail.com;Male;Mercedes-Benz;SLK-Class;2001
223;Lita;Willoughey;lwilloughey66@miitbeian.gov.cn;Female;Toyota;Tundra;2007
224;Davide;Lease;dlease67@hhs.gov;Male;Ford;E-Series;1994
225;Theobald;McGivena;tmcgivena68@exblog.jp;Male;Aston Martin;DBS;2010
226;Ripley;Goublier;rgoublier69@360.cn;Male;Buick;Century;1990
227;Dirk;Dominec;ddominec6a@github.com;Male;Toyota;Echo;2001
228;Dimitri;O'Flynn;doflynn6b@elegantthemes.com;Male;Saab;9-5;2000
229;Olivette;Arangy;oarangy6c@loc.gov;Female;Pontiac;G6;2009
230;Giffy;Cridlan;gcridlan6d@t.co;Male;Mercedes-Benz;E-Class;2003
231;Alexandros;Winsbury;awinsbury6e@trellian.com;Male;Mitsubishi;Endeavor;2010
232;Worthy;De Avenell;wdeavenell6f@google.fr;Male;Lincoln;Zephyr;2006
233;Rosalinde;Veasey;rveasey6g@drupal.org;Female;Buick;Regal;2012
234;Annette;Gartenfeld;agartenfeld6h@dion.ne.jp;Female;Volkswagen;Tiguan;2009
235;Clarie;Bus;cbus6i@java.com;Female;GMC;3500 Club Coupe;1997
236;Rossy;Allenson;rallenson6j@bloglines.com;Male;Ford;Thunderbird;1967
237;Doralin;Humpatch;dhumpatch6k@cisco.com;Female;Subaru;Legacy;1995
238;Baryram;Lotte;blotte6l@skyrock.com;Male;Buick;Skylark;1985
239;Chane;Garioch;cgarioch6m@cisco.com;Male;Dodge;Avenger;1996
240;Lamond;Featherby;lfeatherby6n@un.org;Male;Mitsubishi;Truck;1990
241;Franny;Monshall;fmonshall6o@army.mil;Female;Ford;E-Series;2001
242;Jorrie;McGookin;jmcgookin6p@fc2.com;Female;Mercedes-Benz;M-Class;1999
243;Kendre;Holdall;kholdall6q@comsenz.com;Female;Dodge;D250;1993
244;Jenica;Gravener;jgravener6r@yellowpages.com;Female;Isuzu;Ascender;2006
245;Brandais;Liverseege;bliverseege6s@ustream.tv;Female;Nissan;240SX;1997
246;Tabbitha;Housecroft;thousecroft6t@un.org;Female;Toyota;Corolla;2006
247;Marilin;Saggers;msaggers6u@si.edu;Female;Ford;Taurus;1995
248;Chance;Maffi;cmaffi6v@webnode.com;Male;Hyundai;Tiburon;2000
249;Carolin;Yeardsley;cyeardsley6w@cyberchimps.com;Female;Lexus;LFA;2012
250;Haily;Bendon;hbendon6x@tamu.edu;Male;Lexus;LS;2011
251;Alonso;Rigate;arigate6y@shinystat.com;Male;Lotus;Esprit;2001
252;Glory;Nerney;gnerney6z@amazon.co.uk;Female;GMC;Sonoma;2000
253;Pietra;ducarme;pducarme70@amazon.com;Female;Kia;Spectra;2009
254;Brinna;Guilaem;bguilaem71@vkontakte.ru;Female;BMW;1 Series;2012
255;Nial;Balharry;nbalharry72@goo.ne.jp;Male;Toyota;Land Cruiser;2001
256;Maje;Phayre;mphayre73@aboutads.info;Male;Toyota;Highlander;2004
257;Laurence;Hansom;lhansom74@xinhuanet.com;Male;GMC;Envoy;2003
258;Henka;Hutfield;hhutfield75@reverbnation.com;Female;Cadillac;Eldorado;1994
259;Gilli;Barnish;gbarnish76@reverbnation.com;Female;Audi;A6;1995
260;Constantino;Rosettini;crosettini77@ftc.gov;Male;Dodge;Dakota;1994
261;Jedediah;Leamy;jleamy78@infoseek.co.jp;Male;Aston Martin;V8 Vantage;2011
262;Ellis;Knighton;eknighton79@uiuc.edu;Male;Buick;Century;1996
263;Nona;Headan;nheadan7a@1688.com;Female;Mitsubishi;Outlander;2011
264;Lennard;Scholl;lscholl7b@soup.io;Male;Chrysler;New Yorker;1995
265;Kattie;Bollis;kbollis7c@mayoclinic.com;Female;Dodge;Nitro;2011
266;Margy;Pindar;mpindar7d@ucla.edu;Female;Ford;Explorer;2007
267;Iain;Dimitru;idimitru7e@deviantart.com;Male;GMC;1500;1998
268;Maxine;Hoffmann;mhoffmann7f@360.cn;Female;GMC;Rally Wagon G3500;1995
269;Doralin;Mordue;dmordue7g@ning.com;Female;GMC;Sierra 3500;2010
270;Koenraad;Haggarth;khaggarth7h@stanford.edu;Male;Chevrolet;Astro;1999
271;Gleda;Blampied;gblampied7i@biglobe.ne.jp;Female;Cadillac;STS;2010
272;Antonino;Chiles;achiles7j@ucoz.com;Male;Lincoln;Town Car;1987
273;Quillan;Loddon;qloddon7k@blinklist.com;Male;Land Rover;Freelander;2005
274;Carolan;Cheetham;ccheetham7l@1688.com;Female;Honda;Pilot;2006
275;Cort;Gelling;cgelling7m@shareasale.com;Male;Dodge;Grand Caravan;2011
276;Vidovic;Derkes;vderkes7n@livejournal.com;Male;Pontiac;Bonneville;1988
277;Neille;Aizikovich;naizikovich7o@tinyurl.com;Female;Honda;Civic;1991
278;Jaquenette;Blaszkiewicz;jblaszkiewicz7p@ycombinator.com;Female;Mitsubishi;Expo;1993
279;Margeaux;Dunlea;mdunlea7q@ox.ac.uk;Female;Infiniti;EX;2009
280;Eustace;Reinhard;ereinhard7r@cnn.com;Male;Ford;Aspire;1995
281;Ike;Goodliff;igoodliff7s@ft.com;Male;Jaguar;XJ Series;1996
282;Harrietta;Hedditch;hhedditch7t@studiopress.com;Female;Buick;Skylark;1991
283;Karoly;Van der Daal;kvanderdaal7u@gmpg.org;Female;Lamborghini;Murciélago LP640;2008
284;Ange;Unwins;aunwins7v@wisc.edu;Male;Nissan;Sentra;1996
285;Willi;Thornber;wthornber7w@trellian.com;Female;GMC;Yukon;2005
286;Gale;Huntall;ghuntall7x@boston.com;Male;Ferrari;430 Scuderia;2009
287;Zara;Fawdery;zfawdery7y@omniture.com;Female;Acura;TL;1998
288;Cleve;Benazet;cbenazet7z@bbb.org;Male;Ford;Torino;1970
289;Loise;Antonutti;lantonutti80@printfriendly.com;Female;Pontiac;G3;2010
290;Garold;Wadeling;gwadeling81@google.com.br;Male;Mitsubishi;Pajero;2000
291;Gale;Martinetto;gmartinetto82@wufoo.com;Female;GMC;Sonoma;1997
292;Amalia;Berrane;aberrane83@google.nl;Female;Cadillac;Fleetwood;1995
293;Bryon;Vercruysse;bvercruysse84@ihg.com;Male;Mercedes-Benz;W201;1989
294;Carie;Duckinfield;cduckinfield85@so-net.ne.jp;Female;Subaru;Legacy;2006
295;Ailyn;Copelli;acopelli86@istockphoto.com;Female;Pontiac;GTO;1974
296;Jedd;Bjorkan;jbjorkan87@gnu.org;Male;Mercedes-Benz;500E;1993
297;Hilliary;Devers;hdevers88@admin.ch;Female;Mazda;B-Series;1993
298;Vinson;Plaunch;vplaunch89@nymag.com;Male;Chrysler;300M;1999
299;Felice;Scutts;fscutts8a@aboutads.info;Female;Lexus;GS;2005
300;Madella;Lidster;mlidster8b@amazon.de;Female;GMC;Suburban 1500;1999
301;Sofia;Reuven;sreuven8c@va.gov;Female;Mercury;Cougar;1986
302;Skip;Wilford;swilford8d@yellowpages.com;Male;Infiniti;QX;2003
303;Tess;Ganter;tganter8e@clickbank.net;Female;Cadillac;Brougham;1992
304;Rene;Gleave;rgleave8f@nih.gov;Male;Dodge;Magnum;2007
305;Sibeal;Sokale;ssokale8g@sbwire.com;Female;Porsche;Boxster;2009
306;Devin;Fetters;dfetters8h@shareasale.com;Male;Chrysler;Concorde;2000
307;Katrine;Morville;kmorville8i@godaddy.com;Female;Volkswagen;GTI;1996
308;Durward;Slack;dslack8j@fda.gov;Male;Suzuki;Aerio;2002
309;Perceval;Ferrand;pferrand8k@typepad.com;Male;Ford;Escort;1984
310;Garth;Gayter;ggayter8l@cloudflare.com;Male;Plymouth;Neon;2001
311;Royce;McSorley;rmcsorley8m@umn.edu;Male;Mercury;Tracer;1992
312;Tricia;Ogborn;togborn8n@mlb.com;Female;Land Rover;Defender Ice Edition;2010
313;Zorana;Livermore;zlivermore8o@bigcartel.com;Female;Pontiac;Trans Sport;1992
314;Fidelity;Yantsev;fyantsev8p@mlb.com;Female;Ford;Edge;2012
315;Darin;Mosey;dmosey8q@privacy.gov.au;Male;GMC;Savana 1500;2000
316;Patience;Scarisbrick;pscarisbrick8r@nih.gov;Female;Mitsubishi;Galant;2011
317;Ewen;Tosney;etosney8s@cocolog-nifty.com;Male;Kia;Rio;2007
318;Kellen;Rysdale;krysdale8t@miibeian.gov.cn;Female;Subaru;XT;1991
319;Starr;Bakey;sbakey8u@dmoz.org;Female;Nissan;Pathfinder;2008
320;Giuseppe;Cowderoy;gcowderoy8v@storify.com;Male;Jaguar;XK;2009
321;Daisey;Tambling;dtambling8w@com.com;Female;Ford;Thunderbird;2003
322;Matteo;Jadczak;mjadczak8x@arstechnica.com;Male;Volkswagen;Cabriolet;1988
323;Nicko;Allcoat;nallcoat8y@squidoo.com;Male;Ford;Ranger;2008
324;Zorah;Anker;zanker8z@kickstarter.com;Female;Dodge;Viper;1994
325;Shepherd;Serman;sserman90@quantcast.com;Male;Hyundai;Sonata;2011
326;Patty;Pettendrich;ppettendrich91@trellian.com;Female;Cadillac;XLR;2005
327;Clayborn;Cowles;ccowles92@narod.ru;Male;Ford;Taurus;1986
328;Katee;Reggler;kreggler93@cnet.com;Female;Audi;5000S;1987
329;Amy;Eringey;aeringey94@cocolog-nifty.com;Female;Honda;Accord;2002
330;Demott;McCombe;dmccombe95@economist.com;Male;Mercedes-Benz;R-Class;2009
331;Mohandas;Maxted;mmaxted96@symantec.com;Male;Ford;E150;2011
332;Valentino;Wellstead;vwellstead97@fastcompany.com;Male;Ford;Bronco;1988
333;Giusto;Emanuelov;gemanuelov98@behance.net;Male;Hyundai;Santa Fe;2004
334;Marrilee;Olivi;molivi99@businesswire.com;Female;Dodge;Magnum;2008
335;Ermina;Fevers;efevers9a@mysql.com;Female;Mazda;Mazda3;2010
336;Danie;Jacketts;djacketts9b@usatoday.com;Male;Chevrolet;Express 2500;1998
337;Galvan;Ciabatteri;gciabatteri9c@trellian.com;Male;Pontiac;Firefly;1992
338;Janelle;Pinnigar;jpinnigar9d@naver.com;Female;Audi;Cabriolet;1996
339;Yuri;Spurdens;yspurdens9e@sina.com.cn;Male;BMW;545;2005
340;Osbourne;Ewbach;oewbach9f@scribd.com;Male;Pontiac;Bonneville;1989
341;Herrick;Emmet;hemmet9g@goo.ne.jp;Male;Ford;Festiva;1993
342;Melanie;Richardot;mrichardot9h@slashdot.org;Female;Hyundai;Santa Fe;2006
343;Drud;Handscomb;dhandscomb9i@hexun.com;Male;Volkswagen;Eos;2011
344;Esteban;Fountaine;efountaine9j@simplemachines.org;Male;Volkswagen;GTI;1996
345;Rutter;Laybourn;rlaybourn9k@alexa.com;Male;Toyota;Tacoma;2006
346;Leodora;Burstowe;lburstowe9l@google.com;Female;Toyota;Camry;2006
347;Lonee;Brisco;lbrisco9m@weather.com;Female;Toyota;Avalon;2001
348;Fleming;Pellamonuten;fpellamonuten9n@jiathis.com;Male;Infiniti;G;2000
349;Harriett;Ricoald;hricoald9o@de.vu;Female;Chevrolet;Astro;1999
350;Mile;Cawse;mcawse9p@nydailynews.com;Male;Suzuki;Vitara;2002
351;Leandra;Dzeniskevich;ldzeniskevich9q@github.com;Female;GMC;Savana 2500;2007
352;Carrie;Sturman;csturman9r@cnbc.com;Female;Isuzu;Amigo;1999
353;Dorothy;Capstake;dcapstake9s@dagondesign.com;Female;BMW;5 Series;2006
354;Milzie;Brewins;mbrewins9t@skyrock.com;Female;Volkswagen;Eos;2007
355;Ken;Coffelt;kcoffelt9u@delicious.com;Male;Cadillac;DeVille;1992
356;Teodoro;Ragbourne;tragbourne9v@techcrunch.com;Male;Ford;Taurus;1988
357;Lu;Hodinton;lhodinton9w@deliciousdays.com;Female;Audi;TT;2008
358;Adlai;Pechard;apechard9x@cisco.com;Male;GMC;Savana 1500;2011
359;Yolanthe;Dearden;ydearden9y@microsoft.com;Female;Oldsmobile;Aurora;2001
360;Scotti;Dodsley;sdodsley9z@tinyurl.com;Male;BMW;M3;2006
361;Ferdy;Broke;fbrokea0@blinklist.com;Male;GMC;Suburban 2500;1993
362;Filmer;Ownsworth;fownswortha1@businessinsider.com;Male;Mazda;Tribute;2003
363;Sonia;Wordley;swordleya2@archive.org;Female;Audi;A6;2003
364;Guillaume;Rizzotto;grizzottoa3@vistaprint.com;Male;Dodge;Avenger;1998
365;Wolfie;Fratczak;wfratczaka4@cmu.edu;Male;Acura;MDX;2004
366;Bettine;Balloch;bballocha5@cloudflare.com;Female;Ford;Bronco II;1990
367;Stanfield;Readshall;sreadshalla6@indiatimes.com;Male;Buick;Century;1987
368;Son;Sickamore;ssickamorea7@shop-pro.jp;Male;Chevrolet;Suburban 1500;1999
369;Charlean;McDill;cmcdilla8@about.com;Female;Dodge;Ram Van 2500;1996
370;Foss;Le Houx;flehouxa9@blogger.com;Male;Ford;Explorer Sport Trac;2002
371;Rachele;Butten;rbuttenaa@google.com.au;Female;Mercedes-Benz;300E;1992
372;Perkin;Lewin;plewinab@hatena.ne.jp;Male;Bentley;Continental GTC;2012
373;Boony;Faber;bfaberac@webs.com;Male;Oldsmobile;Silhouette;2004
374;Viole;Lenox;vlenoxad@usnews.com;Female;GMC;Sierra;2012
375;Hyacintha;Duffield;hduffieldae@umich.edu;Female;Mazda;MX-6;1989
376;Gerrard;Pepperrall;gpepperrallaf@disqus.com;Male;Chrysler;Pacifica;2007
377;Marten;Wedlock;mwedlockag@homestead.com;Male;Nissan;Xterra;2011
378;Timmie;Lenormand;tlenormandah@who.int;Female;Buick;LaCrosse;2005
379;Amabelle;Swindell;aswindellai@sphinn.com;Female;Honda;Accord;2001
380;Welbie;Stenson;wstensonaj@addthis.com;Male;Chevrolet;Express 2500;1996
381;Rosetta;Lembrick;rlembrickak@house.gov;Female;Mercedes-Benz;GL-Class;2010
382;Stanleigh;Bloschke;sbloschkeal@myspace.com;Male;Dodge;Ram 1500;2002
383;Freda;Perillo;fperilloam@vkontakte.ru;Female;Subaru;Legacy;2002
384;Cathy;Van Dale;cvandalean@parallels.com;Female;Mitsubishi;Outlander;2008
385;Barty;Gwinnel;bgwinnelao@ezinearticles.com;Male;Mercury;Montego;2005
386;Packston;Rickman;prickmanap@microsoft.com;Male;Mazda;929;1989
387;Velvet;Sansum;vsansumaq@bravesites.com;Female;Nissan;Quest;1997
388;Guglielma;Whistlecraft;gwhistlecraftar@goo.ne.jp;Female;Toyota;Avalon;1995
389;Francene;Molineux;fmolineuxas@google.fr;Female;Cadillac;Escalade ESV;2006
390;Bartholomeo;Shrigley;bshrigleyat@photobucket.com;Male;Suzuki;Swift;2005
391;Clementius;Henriquet;chenriquetau@sourceforge.net;Male;Chevrolet;Silverado 2500;2004
392;Selina;Drysdall;sdrysdallav@samsung.com;Female;Nissan;Quest;2005
393;Lucille;Loram;lloramaw@samsung.com;Female;Ford;F250;2008
394;Woodman;Sleath;wsleathax@sitemeter.com;Male;Pontiac;Grand Am;1985
395;Lark;Farbrother;lfarbrotheray@nsw.gov.au;Female;Dodge;Ram Van 3500;1999
396;Doralin;Sweeny;dsweenyaz@patch.com;Female;Nissan;GT-R;2013
397;Jerald;Inkpen;jinkpenb0@smugmug.com;Male;Mercedes-Benz;SLK-Class;2012
398;Brana;Borthwick;bborthwickb1@google.cn;Female;Mazda;MX-5;2010
399;Zeke;Leffek;zleffekb2@1688.com;Male;Honda;S2000;2004
400;Alanson;Jecock;ajecockb3@google.com.au;Male;Volkswagen;New Beetle;1999
401;Berkley;Capsey;bcapseyb4@sbwire.com;Male;Mercedes-Benz;SL-Class;2012
402;Falkner;Kirkebye;fkirkebyeb5@diigo.com;Male;Plymouth;Prowler;1999
403;Caressa;Tregona;ctregonab6@npr.org;Female;Nissan;Pathfinder;2004
404;Babs;Abate;babateb7@parallels.com;Female;Ford;Windstar;1997
405;Donalt;Bhatia;dbhatiab8@oaic.gov.au;Male;Chevrolet;Caprice Classic;1995
406;Norean;Stanfield;nstanfieldb9@msn.com;Female;Chevrolet;Avalanche;2011
407;Blanca;Jotham;bjothamba@twitter.com;Female;Nissan;Frontier;2012
408;Anabelle;Cohn;acohnbb@home.pl;Female;Audi;90;1988
409;Sarene;Lohering;sloheringbc@squidoo.com;Female;Mitsubishi;Lancer;2012
410;Michaelina;Shackell;mshackellbd@elpais.com;Female;BMW;8 Series;1992
411;Roxana;Idale;ridalebe@nih.gov;Female;Saab;9-5;2004
412;Patsy;Pigden;ppigdenbf@list-manage.com;Male;Chevrolet;Monte Carlo;2005
413;Archer;Pedycan;apedycanbg@php.net;Male;Lincoln;LS;2000
414;Rubina;Ubank;rubankbh@cbslocal.com;Female;Lincoln;MKZ;2010
415;Torey;Laying;tlayingbi@mayoclinic.com;Female;Mazda;929;1995
416;Thomasina;Stellino;tstellinobj@wunderground.com;Female;Saturn;Aura;2009
417;Nanon;Klement;nklementbk@omniture.com;Female;Suzuki;Daewoo Lacetti;2006
418;Ashely;Pedel;apedelbl@jigsy.com;Female;Hyundai;Santa Fe;2004
419;Myrna;McCome;mmccomebm@bloomberg.com;Female;Mercury;Grand Marquis;1998
420;Bruce;Maggiore;bmaggiorebn@huffingtonpost.com;Male;Isuzu;Ascender;2006
421;Lora;Spaule;lspaulebo@twitter.com;Female;Ford;EXP;1986
422;Emalee;Heddan;eheddanbp@weather.com;Female;Dodge;Caliber;2009
423;Korie;Taylerson;ktaylersonbq@last.fm;Female;Smart;Fortwo;2010
424;Grete;Piele;gpielebr@imdb.com;Female;Pontiac;LeMans;1965
425;Hashim;Raithbie;hraithbiebs@mediafire.com;Male;Tesla;Roadster;2011
426;Gilburt;Kamall;gkamallbt@printfriendly.com;Male;Porsche;928;1985
427;Dalston;Merner;dmernerbu@cornell.edu;Male;Mazda;MX-5;2011
428;Hazel;Warkup;hwarkupbv@deviantart.com;Male;Ford;Tempo;1989
429;Buddie;Phippard;bphippardbw@utexas.edu;Male;Suzuki;Sidekick;1995
430;Valentin;Ledgard;vledgardbx@tripadvisor.com;Male;Lincoln;Blackwood;2002
431;Callida;Ferrari;cferrariby@deviantart.com;Female;Lotus;Esprit;2003
432;Orson;Orwell;oorwellbz@mashable.com;Male;Austin;Mini;1959
433;Kaylee;Jime;kjimec0@ft.com;Female;Buick;Park Avenue;2001
434;Thane;Beltzner;tbeltznerc1@goodreads.com;Male;Volkswagen;GTI;1987
435;Maxim;Creigan;mcreiganc2@nydailynews.com;Male;Porsche;911;2006
436;Thomasin;Blincow;tblincowc3@freewebs.com;Female;Porsche;944;1991
437;Keven;Kaiser;kkaiserc4@seesaa.net;Male;Infiniti;I;1999
438;Gilligan;Felton;gfeltonc5@jiathis.com;Female;Chevrolet;Malibu;1998
439;Tobi;Leband;tlebandc6@state.gov;Female;Kia;Sephia;1998
440;Elden;Gabriel;egabrielc7@fda.gov;Male;Subaru;Outback;2008
441;Shurlocke;Percival;spercivalc8@plala.or.jp;Male;Chevrolet;1500;1999
442;Noell;Caton;ncatonc9@amazon.de;Female;Ford;Expedition EL;2012
443;Joanie;McKibbin;jmckibbinca@photobucket.com;Female;Chevrolet;Impala SS;1995
444;Lanae;Algore;lalgorecb@rambler.ru;Female;Oldsmobile;Aurora;2003
445;Ronalda;Tynewell;rtynewellcc@free.fr;Female;Chevrolet;Express 2500;2001
446;Domeniga;Cristofanini;dcristofaninicd@meetup.com;Female;Ferrari;599 GTB Fiorano;2010
447;Marnie;Marmion;mmarmionce@msu.edu;Female;Cadillac;Catera;1998
448;Aliza;Tomblin;atomblincf@bizjournals.com;Female;Lincoln;Blackwood;2002
449;Lucille;Maylott;lmaylottcg@boston.com;Female;Mazda;MX-3;1993
450;Les;Ponsford;lponsfordch@cbslocal.com;Male;Ford;Five Hundred;2007
451;Kass;MacVicar;kmacvicarci@telegraph.co.uk;Female;Dodge;Ram 1500;2007
452;Tammie;Izakov;tizakovcj@msu.edu;Female;Toyota;Corolla;1998
453;Ryley;Sherratt;rsherrattck@hibu.com;Male;Toyota;Land Cruiser;2006
454;Bartolemo;Scholcroft;bscholcroftcl@phoca.cz;Male;Subaru;Impreza;1997
455;Chancey;Kelinge;ckelingecm@phoca.cz;Male;Mitsubishi;Outlander;2008
456;Randall;Diver;rdivercn@macromedia.com;Male;Suzuki;Swift;1995
457;Britney;Rumney;brumneyco@vinaora.com;Female;Chrysler;300M;2003
458;Ganny;Metheringham;gmetheringhamcp@nyu.edu;Male;Ford;Bronco;1992
459;Rikki;Audley;raudleycq@bloglovin.com;Female;Bentley;Continental GT;2008
460;Kamilah;Archibold;karchiboldcr@mysql.com;Female;Mazda;MX-6;1991
461;Kincaid;Clerk;kclerkcs@noaa.gov;Male;Infiniti;J;1996
462;Ashil;Strugnell;astrugnellct@princeton.edu;Female;Mazda;626;1990
463;Rhodie;Midden;rmiddencu@mayoclinic.com;Female;Jaguar;XJ;2012
464;Trip;Perry;tperrycv@who.int;Male;Isuzu;Oasis;1999
465;Margi;Ebbens;mebbenscw@ehow.com;Female;Hyundai;Elantra;2010
466;Tilly;Abel;tabelcx@angelfire.com;Female;Pontiac;Grand Prix;1983
467;Kit;Petticrow;kpetticrowcy@google.de;Male;Jeep;Liberty;2005
468;Dewain;Beviss;dbevisscz@merriam-webster.com;Male;Mazda;MX-3;1993
469;Marysa;Dollard;mdollardd0@oakley.com;Female;Mercedes-Benz;G-Class;2009
470;Sigmund;Kirkpatrick;skirkpatrickd1@discuz.net;Male;MINI;Cooper;2003
471;Noella;Leverage;nleveraged2@ovh.net;Female;Honda;CR-V;2012
472;Aubree;Sudron;asudrond3@sun.com;Female;Suzuki;Verona;2005
473;Tomkin;Cogle;tcogled4@adobe.com;Male;Land Rover;Range Rover Sport;2008
474;Lancelot;Spry;lspryd5@toplist.cz;Male;Oldsmobile;Aurora;1999
475;Rosabella;Lindores;rlindoresd6@wikimedia.org;Female;Subaru;XT;1988
476;Beverley;Heddon;bheddond7@tiny.cc;Female;Jeep;Cherokee;1993
477;Jeff;Urey;jureyd8@ed.gov;Male;Mazda;Tribute;2010
478;Quintin;Tillett;qtillettd9@google.ru;Male;Pontiac;Firefly;1990
479;Daisy;Sagg;dsaggda@chron.com;Female;Pontiac;Bonneville;1966
480;Jarrett;Ackerman;jackermandb@sfgate.com;Male;Chevrolet;Suburban 2500;1997
481;Claretta;Wakefield;cwakefielddc@state.gov;Female;Ford;Fusion;2010
482;Ignazio;Whifen;iwhifendd@google.co.jp;Male;Ford;F-Series;1994
483;Sophronia;Norsister;snorsisterde@disqus.com;Female;Ford;E250;2012
484;Hubert;Rathbourne;hrathbournedf@ow.ly;Male;Chrysler;New Yorker;1994
485;Gaylor;Walcar;gwalcardg@surveymonkey.com;Male;Plymouth;Breeze;1996
486;Gillie;Meconi;gmeconidh@wikia.com;Female;Toyota;FJ Cruiser;2008
487;Krista;Dunstan;kdunstandi@ted.com;Female;Dodge;Viper;1996
488;Ammamaria;Boxhill;aboxhilldj@go.com;Female;Infiniti;I;2004
489;Raynor;Boatwright;rboatwrightdk@yolasite.com;Male;Mazda;MX-5;1993
490;Lamond;Sambath;lsambathdl@google.ru;Male;Mazda;B-Series Plus;1998
491;Duffy;Malan;dmalandm@go.com;Male;Suzuki;SJ;1994
492;Hattie;Listone;hlistonedn@gov.uk;Female;Infiniti;QX56;2012
493;Amy;Curcher;acurcherdo@comcast.net;Female;Kia;Rio;2012
494;Audrey;Wiggall;awiggalldp@redcross.org;Female;Porsche;944;1986
495;Leonora;Pashbee;lpashbeedq@sohu.com;Female;Hyundai;XG350;2002
496;Nico;Jurick;njurickdr@admin.ch;Male;Dodge;Ram 2500;1998
497;Micheal;Skeech;mskeechds@usa.gov;Male;Toyota;RAV4;1996
498;Koo;Goroni;kgoronidt@wp.com;Female;Dodge;Ram 3500 Club;1997
499;Vicky;Bravery;vbraverydu@reddit.com;Female;Cadillac;Escalade ESV;2011
500;Kathy;Febvre;kfebvredv@linkedin.com;Female;Subaru;Legacy;2010
501;Blisse;Khomich;bkhomichdw@eventbrite.com;Female;Saab;900;1998
502;Carlee;Abdon;cabdondx@hhs.gov;Female;GMC;Vandura G2500;1995
503;Alain;Pickaver;apickaverdy@buzzfeed.com;Male;Chevrolet;Tahoe;2012
504;Donal;Puddan;dpuddandz@shutterfly.com;Male;Volkswagen;Jetta;1989
505;Sebastian;Camilio;scamilioe0@woothemes.com;Male;Acura;Legend;1988
506;Pippy;Laffling;plafflinge1@rambler.ru;Female;Kia;Spectra5;2006
507;Zelma;Mateus;zmateuse2@fda.gov;Female;Honda;Passport;1996
508;Stormie;Ledram;sledrame3@nih.gov;Female;Chevrolet;2500;1996
509;Olva;Buick;obuicke4@gravatar.com;Female;Chevrolet;Bel Air;1967
510;Gonzales;Varran;gvarrane5@usa.gov;Male;Volkswagen;Jetta;2007
511;Starlin;Dearth;sdearthe6@timesonline.co.uk;Female;Acura;SLX;1997
512;Kahaleel;Hundy;khundye7@themeforest.net;Male;Ford;F-Series Super Duty;2012
513;Nonnah;Southard;nsoutharde8@yolasite.com;Female;Oldsmobile;Cutlass;1998
514;Eddy;D'eath;edeathe9@huffingtonpost.com;Male;Aptera;Typ-1;2009
515;Cord;Heake;cheakeea@chron.com;Male;Mercedes-Benz;500SEL;1993
516;Othilia;Icom;oicomeb@t-online.de;Female;Lincoln;MKZ;2008
517;Dunc;Devany;ddevanyec@oracle.com;Male;Volkswagen;Phaeton;2006
518;Leisha;Sink;lsinked@google.fr;Female;Chrysler;Sebring;2004
519;Ripley;Lune;rluneee@goodreads.com;Male;Kia;Rio5;2008
520;Angus;Kenderdine;akenderdineef@mapy.cz;Male;Saturn;Ion;2005
521;Aurilia;Riepl;ariepleg@lycos.com;Female;Ford;Fiesta;2001
522;Corrianne;Matveichev;cmatveicheveh@dailymail.co.uk;Female;Honda;Odyssey;2006
523;Coral;Kerr;ckerrei@springer.com;Female;Infiniti;I;1997
524;Rudy;Crossingham;rcrossinghamej@diigo.com;Male;MINI;Cooper Clubman;2008
525;Ray;Hastelow;rhastelowek@51.la;Male;Ford;Festiva;1992
526;Tabitha;Werrit;twerritel@harvard.edu;Female;Chevrolet;G-Series 1500;1998
527;Trixi;Littler;tlittlerem@ifeng.com;Female;Eagle;Vision;1994
528;Sofie;Doerren;sdoerrenen@rambler.ru;Female;Chevrolet;Camaro;1977
529;Crichton;Ziemsen;cziemseneo@ucla.edu;Male;Acura;MDX;2010
530;Klaus;Boissieux;kboissieuxep@pbs.org;Male;Dodge;Dakota;2000
531;Bernadette;Peppard;bpeppardeq@technorati.com;Female;Ford;Crown Victoria;2008
532;Andris;Tugman;atugmaner@purevolume.com;Male;Ford;Mustang;2000
533;Freedman;Browning;fbrowninges@unblog.fr;Male;Dodge;Stratus;2006
534;Lind;McGreal;lmcgrealet@webnode.com;Female;Volvo;940;1994
535;Gabriele;Alker;galkereu@sciencedirect.com;Male;Chevrolet;Traverse;2009
536;Sybila;Sybbe;ssybbeev@state.tx.us;Female;Bentley;Continental GTC;2009
537;Leia;Sunnucks;lsunnucksew@home.pl;Female;Ford;Mustang;1993
538;Dugald;Casacchia;dcasacchiaex@eventbrite.com;Male;Ford;Freestar;2005
539;Tabby;Moore;tmooreey@dot.gov;Male;Lexus;GX;2004
540;Myra;Week;mweekez@purevolume.com;Female;Dodge;D150 Club;1992
541;Ichabod;Sturton;isturtonf0@sogou.com;Male;Toyota;Tundra;2007
542;Mei;Nealey;mnealeyf1@vkontakte.ru;Female;Toyota;Corolla;1997
543;Randie;Moretto;rmorettof2@irs.gov;Female;Ford;Windstar;2002
544;Merlina;Spores;msporesf3@adobe.com;Female;Mazda;Miata MX-5;2009
545;Naoma;Di Biaggi;ndibiaggif4@wordpress.com;Female;Toyota;Tacoma;2010
546;Haily;Armatidge;harmatidgef5@baidu.com;Female;Cadillac;Escalade ESV;2007
547;Neilla;Biasetti;nbiasettif6@wp.com;Female;Isuzu;Trooper;2001
548;Emelina;Boddis;eboddisf7@mapy.cz;Female;Nissan;Sentra;1999
549;Christian;Hiscocks;chiscocksf8@imgur.com;Male;Fiat;Nuova 500;2012
550;Vasilis;Moberley;vmoberleyf9@google.pl;Male;Oldsmobile;Ciera;1996
551;Star;Craigmile;scraigmilefa@phoca.cz;Female;Plymouth;Colt Vista;1993
552;Katey;Daenen;kdaenenfb@eventbrite.com;Female;Ford;Ranger;2000
553;Winston;Wardrope;wwardropefc@geocities.jp;Male;Ford;Excursion;2001
554;Michel;Diano;mdianofd@taobao.com;Male;Pontiac;Grand Am;1994
555;Leroi;Osgood;losgoodfe@xrea.com;Male;GMC;Savana 1500;1997
556;Maryanna;Whittlesea;mwhittleseaff@netvibes.com;Female;Dodge;Nitro;2007
557;Diego;Pavier;dpavierfg@unesco.org;Male;Mercedes-Benz;SL-Class;1994
558;Darb;Lysons;dlysonsfh@ucsd.edu;Female;Toyota;Yaris;2006
559;Stanford;Ritter;sritterfi@arstechnica.com;Male;Chevrolet;Silverado 2500;2003
560;Thorndike;Manchester;tmanchesterfj@list-manage.com;Male;Chevrolet;Beretta;1995
561;Georgetta;Warhurst;gwarhurstfk@freewebs.com;Female;Dodge;Ram 2500;1996
562;Archy;Askew;aaskewfl@live.com;Male;Mazda;MPV;1997
563;Filip;Elwyn;felwynfm@cafepress.com;Male;Ford;F-Series;1996
564;Lindy;Trouel;ltrouelfn@tinyurl.com;Male;Mercedes-Benz;CLK-Class;2008
565;Eli;Peplow;epeplowfo@intel.com;Male;Audi;S4;2001
566;Bevan;Hamstead;bhamsteadfp@seattletimes.com;Male;Dodge;Intrepid;2000
567;Charissa;Davidson;cdavidsonfq@nifty.com;Female;Audi;TT;2002
568;Kristopher;Philippault;kphilippaultfr@sciencedaily.com;Male;Mitsubishi;Eclipse;1997
569;Kelley;Regi;kregifs@nba.com;Male;Infiniti;FX;2003
570;Raimund;Carlisle;rcarlisleft@auda.org.au;Male;Dodge;Viper RT/10;1994
571;Julissa;Meus;jmeusfu@umich.edu;Female;Cadillac;Seville;1999
572;Ester;Hooks;ehooksfv@wordpress.com;Female;Chevrolet;Suburban 2500;2007
573;Michele;Swalough;mswaloughfw@istockphoto.com;Female;Honda;Civic;2007
574;Arnoldo;Cristofari;acristofarifx@timesonline.co.uk;Male;Chevrolet;Astro;1997
575;Emelda;McDonogh;emcdonoghfy@usatoday.com;Female;GMC;Yukon XL;2006
576;Fowler;Monument;fmonumentfz@indiatimes.com;Male;GMC;Jimmy;1997
577;Jayme;Aseef;jaseefg0@topsy.com;Male;Cadillac;CTS;2010
578;Heall;Walley;hwalleyg1@cmu.edu;Male;Dodge;Ram 2500;1995
579;Kit;Barkhouse;kbarkhouseg2@ameblo.jp;Male;Jaguar;XK;2010
580;Dimitry;Carmo;dcarmog3@diigo.com;Male;Land Rover;Defender 90;1995
581;Hillery;Indge;hindgeg4@whitehouse.gov;Male;GMC;Sierra 1500;2010
582;Roarke;Clayborn;rclayborng5@51.la;Male;Ford;E150;2009
583;Sampson;Cuniffe;scuniffeg6@nih.gov;Male;Lexus;GX;2004
584;Mickey;Hulson;mhulsong7@ezinearticles.com;Male;Ford;Ranger;1990
585;Stevana;Eytel;seytelg8@abc.net.au;Female;Buick;Lucerne;2011
586;Hestia;Aimable;haimableg9@house.gov;Female;Ford;Laser;1984
587;Maryanne;Mather;mmatherga@sciencedaily.com;Female;Mercury;Monterey;2004
588;Genna;Lorryman;glorrymangb@washington.edu;Female;Ford;F-Series;2007
589;Nadiya;Yves;nyvesgc@netscape.com;Female;BMW;5 Series;1992
590;Susi;Mapam;smapamgd@example.com;Female;Toyota;Sienna;2002
591;Herman;Minghella;hminghellage@feedburner.com;Male;Isuzu;i-350;2006
592;Katuscha;Rubel;krubelgf@census.gov;Female;Mercedes-Benz;E-Class;1985
593;Joelie;Goodsal;jgoodsalgg@friendfeed.com;Female;Mazda;626;1984
594;Kirsteni;Nourse;knoursegh@delicious.com;Female;Buick;Century;1995
595;Verla;Stobbie;vstobbiegi@plala.or.jp;Female;Volkswagen;Rabbit;2009
596;Emilie;Clewes;eclewesgj@bbb.org;Female;Volkswagen;Type 2;1986
597;Jeniffer;Lawlee;jlawleegk@cam.ac.uk;Female;Suzuki;Esteem;1996
598;Garrett;Sterling;gsterlinggl@istockphoto.com;Male;Nissan;GT-R;2013
599;Karlene;Tregale;ktregalegm@imageshack.us;Female;Honda;Accord;2004
600;Kippie;Le Barr;klebarrgn@un.org;Female;Land Rover;Defender;1993
601;Xylina;Scandrick;xscandrickgo@nsw.gov.au;Female;Toyota;Tacoma;1996
602;Cassondra;Kagan;ckagangp@t.co;Female;GMC;Envoy;2008
603;Elia;Libby;elibbygq@domainmarket.com;Male;Suzuki;Forenza;2004
604;Griff;Jacobsohn;gjacobsohngr@ibm.com;Male;Nissan;Pathfinder;1999
605;Gerardo;Iston;gistongs@deviantart.com;Male;Maybach;57;2011
606;Kasey;Ead;keadgt@cnbc.com;Female;Chevrolet;Corvette;1957
607;Riccardo;Sidaway;rsidawaygu@salon.com;Male;Acura;TL;1997
608;Sibella;Americi;samericigv@wiley.com;Female;Ford;C-MAX Hybrid;2013
609;Jan;Carnock;jcarnockgw@msu.edu;Female;Land Rover;Discovery;2000
610;Helyn;Scatchard;hscatchardgx@arizona.edu;Female;Chevrolet;Lumina;1994
611;Kaile;Orans;koransgy@uiuc.edu;Female;Dodge;Avenger;1998
612;Irv;Dolle;idollegz@abc.net.au;Male;Acura;TL;2011
613;Lydon;Tithecott;ltithecotth0@bizjournals.com;Male;BMW;Z3;2002
614;Mady;Blodgett;mblodgetth1@meetup.com;Female;Pontiac;Bonneville;1999
615;Anissa;Fritzer;afritzerh2@example.com;Female;Mercedes-Benz;M-Class;2006
616;Delores;Blundin;dblundinh3@pen.io;Female;Volvo;850;1993
617;Maureen;Erett;meretth4@narod.ru;Female;Kia;Optima;2007
618;Del;Guppy;dguppyh5@independent.co.uk;Female;Buick;Skylark;1992
619;Catriona;Nazair;cnazairh6@apache.org;Female;Honda;Odyssey;2002
620;Humbert;Krzysztofiak;hkrzysztofiakh7@histats.com;Male;Isuzu;Trooper;1992
621;Craggie;Zettler;czettlerh8@berkeley.edu;Male;Lotus;Elan;1990
622;Borden;Panas;bpanash9@nbcnews.com;Male;BMW;M6;2009
623;Micky;Deakins;mdeakinsha@mit.edu;Female;GMC;Sonoma Club Coupe;1998
624;Finlay;Burlay;fburlayhb@spiegel.de;Male;GMC;Envoy;2008
625;Gerti;Bodleigh;gbodleighhc@theatlantic.com;Female;Lexus;GS;2013
626;Pieter;McRoberts;pmcrobertshd@cnet.com;Male;Ford;Windstar;2001
627;Eleonore;Delion;edelionhe@printfriendly.com;Female;Hyundai;Sonata;2010
628;Sherri;Burchett;sburchetthf@cyberchimps.com;Female;Mazda;Navajo;1993
629;Fae;Vida;fvidahg@google.com.hk;Female;Chevrolet;Cavalier;1996
630;Shaw;Stilgoe;sstilgoehh@liveinternet.ru;Male;Mazda;323;1992
631;Kesley;Discombe;kdiscombehi@studiopress.com;Female;Chevrolet;1500;1999
632;Belia;Enrietto;benriettohj@bravesites.com;Female;Porsche;928;1987
633;Barbara;Falkner;bfalknerhk@gmpg.org;Female;Lexus;ES;1995
634;Shirley;Prator;spratorhl@usatoday.com;Female;Oldsmobile;Cutlass;1997
635;Dee dee;Damrel;ddamrelhm@jalbum.net;Female;Ford;Bronco II;1987
636;Boigie;Birkby;bbirkbyhn@constantcontact.com;Male;Chevrolet;Tracker;2003
637;Crawford;McCrisken;cmccriskenho@columbia.edu;Male;Hyundai;Excel;1993
638;Wilden;Pontin;wpontinhp@google.com.hk;Male;Lincoln;Mark VIII;1993
639;Camille;Moulton;cmoultonhq@fastcompany.com;Female;Mercury;Lynx;1986
640;Josefina;Fidock;jfidockhr@eventbrite.com;Female;Mazda;MX-5;2002
641;Lorettalorna;Maes;lmaeshs@who.int;Female;GMC;3500 Club Coupe;1992
642;Jerrylee;Whyborn;jwhybornht@disqus.com;Female;Mercedes-Benz;G-Class;2002
643;Edgard;Sooper;esooperhu@google.ca;Male;Toyota;Camry;1994
644;Griffin;Lymbourne;glymbournehv@e-recht24.de;Male;GMC;Sierra 3500;2002
645;Portia;Yaxley;pyaxleyhw@samsung.com;Female;Honda;Accord;2010
646;Jaimie;Kluger;jklugerhx@sciencedirect.com;Male;BMW;X6;2012
647;Consuelo;Farans;cfaranshy@webnode.com;Female;Toyota;FJ Cruiser;2011
648;Noby;Thew;nthewhz@paypal.com;Male;Aston Martin;Vanquish S;2006
649;Julie;Clohissy;jclohissyi0@harvard.edu;Male;Suzuki;Daewoo Magnus;2005
650;Ada;April;aaprili1@theglobeandmail.com;Female;BMW;6 Series;1989
651;Alden;Milberry;amilberryi2@studiopress.com;Male;Aston Martin;DB9;2006
652;Vick;Skeates;vskeatesi3@toplist.cz;Male;Mercedes-Benz;SLK-Class;2007
653;Kimball;Vickerman;kvickermani4@china.com.cn;Male;Hyundai;Scoupe;1994
654;Welsh;Middlemist;wmiddlemisti5@nps.gov;Male;Chrysler;PT Cruiser;2006
655;Nathaniel;Barenskie;nbarenskiei6@shutterfly.com;Male;Smart;Fortwo;2008
656;Lil;Hansill;lhansilli7@huffingtonpost.com;Female;Nissan;Altima;1994
657;Winnie;Padefield;wpadefieldi8@stumbleupon.com;Male;Jaguar;S-Type;2003
658;Andriette;Dossettor;adossettori9@wufoo.com;Female;Pontiac;1000;1986
659;Giavani;Nisen;gnisenia@usnews.com;Male;Toyota;Celica;1995
660;Kyla;Trayes;ktrayesib@smh.com.au;Female;Hyundai;Tiburon;1997
661;Wyatan;Grebner;wgrebneric@seattletimes.com;Male;Chevrolet;Venture;2003
662;Collie;Jasiak;cjasiakid@stanford.edu;Female;Honda;CR-V;2006
663;Brooks;Duff;bduffie@bandcamp.com;Female;Infiniti;J;1996
664;Delly;Beswick;dbeswickif@gnu.org;Female;GMC;Rally Wagon 3500;1992
665;Raynard;Andell;randellig@zimbio.com;Male;Dodge;Stratus;1997
666;Ingrim;Cullrford;icullrfordih@ocn.ne.jp;Male;Pontiac;Bonneville;1998
667;Venita;Chadburn;vchadburnii@seattletimes.com;Female;Toyota;4Runner;2003
668;Julee;Massard;jmassardij@surveymonkey.com;Female;Dodge;Caliber;2010
669;Aime;Cassidy;acassidyik@fda.gov;Female;Acura;Integra;2001
670;Judye;Lovatt;jlovattil@theglobeandmail.com;Female;Jaguar;XJ Series;1992
671;Renaud;Archell;rarchellim@tuttocitta.it;Male;Nissan;Sentra;1991
672;Bethena;Glandfield;bglandfieldin@gizmodo.com;Female;Bentley;Continental Super;2012
673;Becka;Kendred;bkendredio@booking.com;Female;Dodge;Ram 1500;1996
674;Titus;McCurlye;tmccurlyeip@gnu.org;Male;Ford;Crown Victoria;1992
675;Lori;Perchard;lperchardiq@diigo.com;Female;Mazda;Miata MX-5;2008
676;Wallis;Vittle;wvittleir@time.com;Female;Ford;Thunderbird;2005
677;Rockey;Gornar;rgornaris@usnews.com;Male;Mercury;Mountaineer;2010
678;Zahara;Livick;zlivickit@oracle.com;Female;Chevrolet;Caprice;1992
679;Leodora;Imason;limasoniu@odnoklassniki.ru;Female;Jeep;Commander;2009
680;Caldwell;Tabary;ctabaryiv@pen.io;Male;Chevrolet;Corvette;1964
681;Tania;Simnett;tsimnettiw@edublogs.org;Female;Chevrolet;SSR;2005
682;Berti;Topper;btopperix@fotki.com;Female;Aston Martin;V8 Vantage;2009
683;Berkie;Verni;bverniiy@mapquest.com;Male;Lincoln;Town Car;1998
684;Kaye;Breinl;kbreinliz@moonfruit.com;Female;Lotus;Esprit;1989
685;Florenza;Garlic;fgarlicj0@unicef.org;Female;Pontiac;Vibe;2007
686;Nikolia;Cottisford;ncottisfordj1@creativecommons.org;Female;GMC;Terrain;2011
687;Gradey;Maven;gmavenj2@deliciousdays.com;Male;Aston Martin;DBS;2011
688;Misti;Lennie;mlenniej3@sciencedaily.com;Female;Suzuki;SX4;2012
689;Sharona;Cawdron;scawdronj4@ocn.ne.jp;Female;Mercury;Grand Marquis;1988
690;Belinda;Alwood;balwoodj5@ovh.net;Female;Pontiac;Grand Prix;1975
691;Torey;Ellam;tellamj6@blogs.com;Male;Toyota;4Runner;1993
692;Papageno;Daingerfield;pdaingerfieldj7@ihg.com;Male;Volkswagen;Scirocco;1985
693;Demetrius;Hindhaugh;dhindhaughj8@hexun.com;Male;Buick;Roadmaster;1991
694;Juliann;Cardenas;jcardenasj9@ucoz.ru;Female;Buick;Regal;2002
695;Christoper;Macilhench;cmacilhenchja@meetup.com;Male;BMW;600;1958
696;Ruperta;Corbett;rcorbettjb@trellian.com;Female;Cadillac;STS;2009
697;Tierney;Waszczykowski;twaszczykowskijc@narod.ru;Female;Nissan;Altima;1997
698;Erina;Isenor;eisenorjd@hhs.gov;Female;Nissan;Pathfinder;2001
699;Anatol;Westmacott;awestmacottje@discovery.com;Male;Mazda;Mazda6;2013
700;Falkner;Romayne;fromaynejf@w3.org;Male;Lotus;Esprit;1986
701;Courtnay;McTrustram;cmctrustramjg@zdnet.com;Male;Volkswagen;Eurovan;2001
702;Angelia;Kermitt;akermittjh@guardian.co.uk;Female;Buick;Rendezvous;2002
703;Carmelle;Boyen;cboyenji@i2i.jp;Female;Cadillac;Eldorado;2000
704;Celie;Overill;coverilljj@nba.com;Female;Acura;CL;2003
705;Raina;Sentance;rsentancejk@census.gov;Female;Hyundai;Santa Fe;2008
706;Lila;Burt;lburtjl@apple.com;Female;Volkswagen;rio;2000
707;Paule;Stepto;psteptojm@ca.gov;Female;Chrysler;Crossfire;2007
708;Ariana;Upjohn;aupjohnjn@example.com;Female;Ford;Mustang;1969
709;Lion;Craise;lcraisejo@printfriendly.com;Male;Lincoln;Navigator;2008
710;Haley;Foukx;hfoukxjp@sina.com.cn;Female;Ford;Ranger;1993
711;Alicia;Doubleday;adoubledayjq@technorati.com;Female;Pontiac;Grand Am;1993
712;Edith;Clurow;eclurowjr@accuweather.com;Female;Mitsubishi;Tredia;1988
713;Dewey;Ajam;dajamjs@theglobeandmail.com;Male;Honda;Civic;2000
714;Haily;Olcot;holcotjt@privacy.gov.au;Male;Saab;900;1989
715;Nettie;Laidlaw;nlaidlawju@ehow.com;Female;Mercedes-Benz;CLK-Class;2005
716;Dionne;Mosley;dmosleyjv@discovery.com;Female;Honda;Odyssey;2010
717;Jacinta;Mewe;jmewejw@infoseek.co.jp;Female;Mitsubishi;Expo;1995
718;Aluino;Dell;adelljx@adobe.com;Male;Mercury;Grand Marquis;1993
719;Ingrid;Beddow;ibeddowjy@elpais.com;Female;Audi;5000CS;1987
720;Kira;Domonkos;kdomonkosjz@blinklist.com;Female;Chevrolet;Corvette;1963
721;Adel;Speedin;aspeedink0@woothemes.com;Female;Suzuki;SJ;1992
722;Armand;O' Mara;aomarak1@jugem.jp;Male;Volkswagen;New Beetle;2001
723;Julius;Janicki;jjanickik2@friendfeed.com;Male;Volkswagen;Eos;2010
724;Maurits;Brelsford;mbrelsfordk3@theatlantic.com;Male;Dodge;Avenger;1998
725;Stacie;Simms;ssimmsk4@oracle.com;Female;GMC;Envoy XL;2004
726;North;Clericoates;nclericoatesk5@google.co.jp;Male;Chevrolet;S10;1992
727;Kimberli;Paley;kpaleyk6@1688.com;Female;Honda;Civic;1999
728;Luigi;Paolicchi;lpaolicchik7@wufoo.com;Male;Mitsubishi;Chariot;1993
729;Flor;Dawdary;fdawdaryk8@dedecms.com;Female;Toyota;Highlander;2001
730;Aaron;Tessyman;atessymank9@cpanel.net;Male;Chevrolet;Suburban 2500;2009
731;Row;Tong;rtongka@latimes.com;Female;GMC;Canyon;2005
732;Pamelina;McCambrois;pmccambroiskb@printfriendly.com;Female;Pontiac;Bonneville;2002
733;Joelynn;Fahy;jfahykc@prlog.org;Female;Pontiac;Grand Prix;1970
734;Stafani;Turbefield;sturbefieldkd@webeden.co.uk;Female;Nissan;350Z;2006
735;Ambrosio;Van;avanke@cocolog-nifty.com;Male;Dodge;Avenger;2011
736;Al;Hindes;ahindeskf@about.com;Male;Pontiac;Bonneville;1968
737;Barnabe;Finby;bfinbykg@statcounter.com;Male;Mercedes-Benz;SLR McLaren;2007
738;Bernie;Rougier;brougierkh@a8.net;Male;Maybach;Landaulet;2009
739;Pen;Allchorne;pallchorneki@netvibes.com;Female;Mercedes-Benz;G-Class;2010
740;Shaughn;Grise;sgrisekj@github.io;Male;Ford;E350;2005
741;Nevile;Bianco;nbiancokk@instagram.com;Male;Toyota;Yaris;2010
742;Sutherland;Charlo;scharlokl@fotki.com;Male;Infiniti;Q;1994
743;Tobin;Cruttenden;tcruttendenkm@cbc.ca;Male;Ford;LTD;1984
744;Theresa;Palmer;tpalmerkn@hhs.gov;Female;BMW;7 Series;1994
745;Drud;Lamcken;dlamckenko@hao123.com;Male;BMW;8 Series;1997
746;Brook;Mainson;bmainsonkp@prnewswire.com;Male;Volkswagen;CC;2009
747;Carey;Collabine;ccollabinekq@jugem.jp;Female;Chrysler;Town & Country;2000
748;Carver;Fruish;cfruishkr@tinypic.com;Male;Lexus;SC;2009
749;Gerta;Fairlam;gfairlamks@apache.org;Female;Lamborghini;Gallardo;2006
750;Eberhard;Geratt;egerattkt@abc.net.au;Male;Cadillac;Eldorado;1998
751;Cherri;Pelerin;cpelerinku@moonfruit.com;Female;Chevrolet;Colorado;2010
752;Anita;Curror;acurrorkv@archive.org;Female;Cadillac;Seville;1996
753;Meghan;Pomfrett;mpomfrettkw@reverbnation.com;Female;Mercedes-Benz;E-Class;1986
754;Ramon;Abrashkin;rabrashkinkx@digg.com;Male;Pontiac;Grand Am;1986
755;Dulce;Aldwich;daldwichky@ebay.com;Female;Chevrolet;Venture;2005
756;Dulcinea;Sconce;dsconcekz@wikispaces.com;Female;Volkswagen;GTI;1988
757;Alexander;Kingston;akingstonl0@icq.com;Male;Saab;9-5;2003
758;Baxie;Frascone;bfrasconel1@accuweather.com;Male;Chrysler;Sebring;2007
759;Tallou;Slocum;tslocuml2@imgur.com;Female;GMC;Savana 1500;2011
760;Gennie;Silverlock;gsilverlockl3@barnesandnoble.com;Female;GMC;Savana 1500;1997
761;Tiffany;Disbury;tdisburyl4@jigsy.com;Female;Toyota;Land Cruiser;1995
762;Artie;Conley;aconleyl5@discovery.com;Male;Panoz;Esperante;2005
763;Paolo;Waszkiewicz;pwaszkiewiczl6@vistaprint.com;Male;Rolls-Royce;Phantom;2009
764;Adeline;Dyson;adysonl7@wikimedia.org;Female;Chevrolet;Colorado;2004
765;Sherye;Slite;sslitel8@wisc.edu;Female;Hyundai;Sonata;2009
766;Darill;Duquesnay;dduquesnayl9@etsy.com;Male;Dodge;Daytona;1992
767;Minda;Ings;mingsla@msu.edu;Female;Subaru;Impreza;1998
768;Lynnea;Huntly;lhuntlylb@un.org;Female;Acura;RDX;2007
769;Joanie;O'Hare;joharelc@de.vu;Female;Buick;Riviera;1999
770;Shelby;Liles;slilesld@mac.com;Female;Nissan;Titan;2010
771;Tomasine;Buckler;tbucklerle@linkedin.com;Female;Pontiac;Sunfire;2000
772;Scotty;Snyder;ssnyderlf@cbslocal.com;Male;Buick;Enclave;2012
773;Eldridge;Mouncey;emounceylg@amazon.co.uk;Male;Mazda;MX-5;1995
774;Averil;Buzin;abuzinlh@sogou.com;Male;Aston Martin;Vanquish S;2005
775;Blinny;Brachell;bbrachellli@over-blog.com;Female;Dodge;Viper;2002
776;Nari;Cross;ncrosslj@friendfeed.com;Female;Mitsubishi;Mirage;1984
777;Elnar;Mathivet;emathivetlk@blogspot.com;Male;Ferrari;California;2009
778;Olivier;Trowel;otrowelll@cisco.com;Male;Pontiac;Sunfire;2001
779;Jose;Kinlock;jkinlocklm@miitbeian.gov.cn;Male;Chevrolet;Astro;1998
780;Marcile;Hulland;mhullandln@godaddy.com;Female;Hummer;H1;1994
781;Colas;Sahnow;csahnowlo@newsvine.com;Male;Ford;Mustang;1970
782;Rodger;Delepine;rdelepinelp@cafepress.com;Male;Suzuki;Swift;2004
783;Sunny;Whitelaw;swhitelawlq@sun.com;Male;Acura;NSX;2002
784;Ricoriki;Ells;rellslr@phpbb.com;Male;Infiniti;G;2009
785;Fonz;Wince;fwincels@ft.com;Male;Honda;Civic;2011
786;Cherish;Brooke;cbrookelt@uiuc.edu;Female;Honda;Civic Si;2003
787;Quintina;Jaher;qjaherlu@diigo.com;Female;Mazda;B-Series Plus;2004
788;Daisey;Piddlesden;dpiddlesdenlv@jiathis.com;Female;Kia;Sorento;2013
789;Monro;Phillput;mphillputlw@list-manage.com;Male;Scion;xB;2008
790;Davin;Dormon;ddormonlx@plala.or.jp;Male;GMC;2500;1992
791;Araldo;MacKeeg;amackeegly@quantcast.com;Male;Land Rover;Defender;1995
792;Alair;Abels;aabelslz@virginia.edu;Male;Ford;Mustang;1991
793;Edd;Walkington;ewalkingtonm0@chronoengine.com;Male;Ford;Bronco II;1990
794;Dyanna;Hessing;dhessingm1@wikimedia.org;Female;Chevrolet;Express 2500;2002
795;Templeton;Harniman;tharnimanm2@ycombinator.com;Male;Lotus;Esprit;1995
796;Kizzee;Longthorne;klongthornem3@mysql.com;Female;Mercury;Mountaineer;2002
797;Dom;Benedyktowicz;dbenedyktowiczm4@salon.com;Male;Jeep;Commander;2009
798;Van;Killock;vkillockm5@virginia.edu;Male;Chevrolet;Monte Carlo;2003
799;Kendal;Cavie;kcaviem6@cmu.edu;Male;MINI;Countryman;2012
800;Gearalt;Vossgen;gvossgenm7@tumblr.com;Male;Mazda;929;1993
801;Moses;Parrott;mparrottm8@nytimes.com;Male;Saturn;Relay;2007
802;Patin;Neilus;pneilusm9@google.fr;Male;Acura;RL;2011
803;Morty;Claughton;mclaughtonma@ox.ac.uk;Male;Mercedes-Benz;G-Class;2008
804;Arther;Kesper;akespermb@jalbum.net;Male;Chevrolet;Suburban 2500;1994
805;Wynnie;Meale;wmealemc@imgur.com;Female;Land Rover;Sterling;1991
806;Carmina;Doe;cdoemd@csmonitor.com;Female;Lincoln;MKX;2008
807;Jozef;Sidebottom;jsidebottomme@e-recht24.de;Male;Porsche;Boxster;2006
808;Rhianon;Brosini;rbrosinimf@unblog.fr;Female;Saturn;L-Series;2003
809;Arri;Bickerton;abickertonmg@tuttocitta.it;Male;Ford;F250;2001
810;Atalanta;Muir;amuirmh@nhs.uk;Female;GMC;Savana 2500;1997
811;Gianina;De Bischof;gdebischofmi@dot.gov;Female;Mercedes-Benz;GL-Class;2010
812;Chev;Waleran;cwaleranmj@linkedin.com;Male;Pontiac;LeMans;1993
813;Nicol;Moseby;nmosebymk@vimeo.com;Male;Dodge;Ram 1500;2010
814;Mersey;Nortcliffe;mnortcliffeml@jimdo.com;Female;Mercedes-Benz;M-Class;2000
815;Micaela;Cakebread;mcakebreadmm@acquirethisname.com;Female;Chevrolet;Corvette;1968
816;Colette;Bossons;cbossonsmn@lulu.com;Female;Kia;Sportage;1996
817;Iosep;Muir;imuirmo@youtu.be;Male;Saab;9-3;2009
818;Muffin;Woolf;mwoolfmp@reference.com;Female;Hyundai;Scoupe;1993
819;Johna;Dunkerly;jdunkerlymq@cdc.gov;Female;Dodge;Intrepid;2000
820;Dylan;Mancer;dmancermr@slideshare.net;Male;Mitsubishi;Pajero;2000
821;Noelyn;Matysik;nmatysikms@theglobeandmail.com;Female;Oldsmobile;Intrigue;2001
822;Victoir;Bullerwell;vbullerwellmt@blogspot.com;Male;Ford;Escort;1998
823;Althea;Oxford;aoxfordmu@unesco.org;Female;Land Rover;Range Rover;2006
824;Keelby;Hrinishin;khrinishinmv@webeden.co.uk;Male;Cadillac;Eldorado;2000
825;Lynnett;Furze;lfurzemw@princeton.edu;Female;Mercedes-Benz;S-Class;1987
826;Rawley;Deary;rdearymx@istockphoto.com;Male;Lexus;RX;2005
827;Barton;Dufore;bduforemy@reddit.com;Male;Toyota;Highlander;2002
828;Hodge;Stodd;hstoddmz@spiegel.de;Male;Buick;LaCrosse;2009
829;Urbano;Paulton;upaultonn0@dmoz.org;Male;Mitsubishi;Eclipse;2003
830;Helen;Bain;hbainn1@slashdot.org;Female;Ford;LTD;1986
831;Ulberto;Lycett;ulycettn2@aboutads.info;Male;Mazda;Miata MX-5;2008
832;Marie-jeanne;Hallaways;mhallawaysn3@quantcast.com;Female;Mercedes-Benz;R-Class;2007
833;Goddart;Kenway;gkenwayn4@drupal.org;Male;Volkswagen;Jetta;2006
834;Conney;Thow;cthown5@irs.gov;Male;Buick;Rendezvous;2006
835;Philomena;Arno;parnon6@theglobeandmail.com;Female;Cadillac;DeVille;2001
836;Marie-jeanne;Dewdney;mdewdneyn7@google.ru;Female;Dodge;Charger;2009
837;Jacquelynn;Poschel;jposcheln8@businessweek.com;Female;Mazda;Miata MX-5;2004
838;Corrinne;Alam;calamn9@shop-pro.jp;Female;GMC;Sierra 1500;2003
839;Asher;Kellitt;akellittna@omniture.com;Male;Mitsubishi;Eclipse;2008
840;Bev;Elleyne;belleynenb@patch.com;Female;Pontiac;Firefly;1985
841;Jolee;Rosiello;jrosiellonc@hud.gov;Female;Ford;Econoline E250;1999
842;Constantin;Barrand;cbarrandnd@biglobe.ne.jp;Male;Honda;Prelude;1997
843;Shamus;Urling;surlingne@phpbb.com;Male;Chevrolet;Camaro;1980
844;Mikel;Garrigan;mgarrigannf@bizjournals.com;Male;BMW;X5 M;2011
845;Sutherland;Hellens;shellensng@hostgator.com;Male;Mazda;MX-5;2000
846;Ludwig;Stallibrass;lstallibrassnh@gizmodo.com;Male;Hyundai;Entourage;2008
847;Myron;McCurt;mmccurtni@printfriendly.com;Male;Mitsubishi;Montero Sport;2004
848;Rasla;MacMeeking;rmacmeekingnj@wisc.edu;Female;Pontiac;Sunbird;1991
849;Willy;Rickcord;wrickcordnk@biglobe.ne.jp;Female;Chrysler;Crossfire;2004
850;Adelaida;Brierly;abrierlynl@techcrunch.com;Female;Audi;100;1991
851;Noam;Rubbert;nrubbertnm@netvibes.com;Male;Chevrolet;Impala;2006
852;Letty;Quidenham;lquidenhamnn@google.com.hk;Female;Lexus;GS;1994
853;Stacee;Unstead;sunsteadno@ox.ac.uk;Male;Volvo;XC70;2010
854;Colan;Krause;ckrausenp@wunderground.com;Male;Mitsubishi;Galant;1992
855;Roderick;Wherrett;rwherrettnq@bing.com;Male;Ferrari;F430;2006
856;Sybille;Bradford;sbradfordnr@goodreads.com;Female;BMW;530;2007
857;Alfie;Troke;atrokens@google.cn;Male;Ford;Crown Victoria;2001
858;Dulciana;Rowcastle;drowcastlent@homestead.com;Female;Buick;Terraza;2005
859;Wat;Dulen;wdulennu@tuttocitta.it;Male;Chevrolet;Corvette;2000
860;Nickolai;Grenshiels;ngrenshielsnv@taobao.com;Male;Toyota;T100;1996
861;Tedda;Melledy;tmelledynw@domainmarket.com;Female;Ford;Taurus;2006
862;Nonah;Lefridge;nlefridgenx@mail.ru;Female;MINI;Cooper Clubman;2009
863;Temple;Maslen;tmaslenny@live.com;Male;Volkswagen;Vanagon;1984
864;Anette;Campe;acampenz@yolasite.com;Female;Dodge;Caravan;1998
865;Ulick;Weal;uwealo0@etsy.com;Male;Subaru;Loyale;1993
866;Kat;Leathley;kleathleyo1@xing.com;Female;Mercury;Sable;2003
867;Derwin;Laffranconi;dlaffranconio2@uol.com.br;Male;MINI;Cooper;2009
868;Rosaleen;Henriquet;rhenriqueto3@t.co;Female;Pontiac;Vibe;2003
869;Caron;Brindle;cbrindleo4@shutterfly.com;Female;Mazda;Mazdaspeed6;2006
870;Emera;Hackey;ehackeyo5@4shared.com;Female;Jeep;Wrangler;2006
871;Gerald;Margram;gmargramo6@mail.ru;Male;Jeep;Grand Cherokee;2005
872;Inna;Ethelstone;iethelstoneo7@upenn.edu;Female;Dodge;D150 Club;1992
873;Julianne;Jull;jjullo8@bravesites.com;Female;Chrysler;200;2012
874;Johann;Bew;jbewo9@statcounter.com;Male;Nissan;Xterra;2000
875;Cathrin;Sebley;csebleyoa@berkeley.edu;Female;Pontiac;Firefly;1989
876;Donia;Govier;dgovierob@theguardian.com;Female;Dodge;Viper;2002
877;Chris;Fleming;cflemingoc@altervista.org;Female;Nissan;300ZX;1992
878;Forrester;Jordison;fjordisonod@weebly.com;Male;Chevrolet;Suburban 2500;1997
879;Katharina;Mawby;kmawbyoe@go.com;Female;Mazda;B-Series;2009
880;Fred;Beales;fbealesof@hud.gov;Male;Ford;Laser;1984
881;Raeann;Parfitt;rparfittog@artisteer.com;Female;Mercury;Grand Marquis;2006
882;Costanza;Aslin;caslinoh@ezinearticles.com;Female;Ford;Econoline E350;1993
883;Georgy;Webland;gweblandoi@1und1.de;Male;Chevrolet;Express 3500;1997
884;Luther;Soan;lsoanoj@behance.net;Male;Infiniti;G;2004
885;Reuven;Crittal;rcrittalok@princeton.edu;Male;Ford;Contour;1998
886;Kelvin;Gregorace;kgregoraceol@weibo.com;Male;Chrysler;Sebring;2009
887;Stephen;Ainscough;sainscoughom@buzzfeed.com;Male;Pontiac;Grand Prix;2000
888;Rozalin;Eglise;regliseon@cdbaby.com;Female;Cadillac;Escalade ESV;2008
889;Mack;Dodsley;mdodsleyoo@google.com;Male;Saab;9-5;2006
890;Michal;Chastang;mchastangop@icio.us;Female;Audi;A3;2007
891;Elsinore;Bresson;ebressonoq@istockphoto.com;Female;Jeep;Compass;2008
892;Leonidas;Tille;ltilleor@merriam-webster.com;Male;GMC;2500;1993
893;Angil;Rene;areneos@slate.com;Female;Ford;Focus;2005
894;Agustin;Lumox;alumoxot@trellian.com;Male;Mercury;Grand Marquis;1993
895;Olivie;Pocklington;opocklingtonou@jimdo.com;Female;Hyundai;Sonata;1996
896;Allyson;Cobb;acobbov@phoca.cz;Female;Toyota;Land Cruiser;2006
897;Vanni;Stodart;vstodartow@multiply.com;Female;Mazda;323;1995
898;Jennica;Crookall;jcrookallox@tripadvisor.com;Female;Shelby;GT350;1969
899;Kyle;Munns;kmunnsoy@reddit.com;Male;Mercedes-Benz;500SL;1993
900;Jeanelle;Wilkie;jwilkieoz@moonfruit.com;Female;Nissan;Xterra;2000
901;Torre;Berkowitz;tberkowitzp0@oracle.com;Male;Chevrolet;Colorado;2005
902;Shell;Leap;sleapp1@geocities.com;Female;Mitsubishi;Montero Sport;1999
903;Peta;Dominelli;pdominellip2@phpbb.com;Female;Volkswagen;Scirocco;1987
904;Rutledge;Cannicott;rcannicottp3@youtube.com;Male;Suzuki;Verona;2004
905;Welch;Haney;whaneyp4@xinhuanet.com;Male;Ford;Probe;1994
906;Tremayne;Ralph;tralphp5@t-online.de;Male;Volvo;S40;2002
907;Nell;Northidge;nnorthidgep6@businessweek.com;Female;Pontiac;Grand Prix;1991
908;Leodora;Wootton;lwoottonp7@si.edu;Female;Chevrolet;Corvette;1992
909;Patsy;Fussen;pfussenp8@cbsnews.com;Female;Suzuki;Esteem;2002
910;Adham;Clapperton;aclappertonp9@ucsd.edu;Male;Cadillac;Sixty Special;1993
911;Barty;Coppens;bcoppenspa@php.net;Male;Kia;Sorento;2009
912;Siouxie;Craven;scravenpb@webmd.com;Female;Suzuki;XL-7;2003
913;Doll;Flips;dflipspc@hubpages.com;Female;Buick;Hearse;1996
914;Armstrong;Fruchter;afruchterpd@delicious.com;Male;Pontiac;Grand Prix;2001
915;Humfried;Brocket;hbrocketpe@google.de;Male;Acura;Legend;1988
916;Kellby;Luker;klukerpf@newsvine.com;Male;Chevrolet;Cavalier;1999
917;Frants;Soutter;fsoutterpg@vimeo.com;Male;Volkswagen;Jetta III;1994
918;Ulla;Valentetti;uvalentettiph@topsy.com;Female;Mercedes-Benz;G-Class;2009
919;Jaquenetta;Stoffels;jstoffelspi@unblog.fr;Female;Land Rover;LR3;2009
920;Theobald;Curnokk;tcurnokkpj@issuu.com;Male;Lincoln;Town Car;1990
921;Elianore;Seczyk;eseczykpk@marketwatch.com;Female;Chevrolet;Tahoe;2000
922;Georgie;Howship;ghowshippl@engadget.com;Female;Hyundai;Elantra;1997
923;Arlen;Tristram;atristrampm@ameblo.jp;Male;Austin;Mini Cooper;1964
924;Penny;Dechelette;pdechelettepn@dedecms.com;Female;Honda;Pilot;2005
925;Joannes;Kinkaid;jkinkaidpo@bluehost.com;Female;Chevrolet;Colorado;2006
926;Hugues;Creber;hcreberpp@ovh.net;Male;Acura;MDX;2001
927;Sharona;Yeardley;syeardleypq@bravesites.com;Female;Porsche;928;1986
928;Biron;Simonel;bsimonelpr@sciencedaily.com;Male;Kia;Sportage;2010
929;Bank;Batham;bbathamps@creativecommons.org;Male;Ford;Falcon;1967
930;Eliot;Airy;eairypt@ask.com;Male;BMW;525;2002
931;Kalvin;Botfield;kbotfieldpu@discovery.com;Male;Maserati;Quattroporte;2006
932;Garrik;Vergo;gvergopv@taobao.com;Male;Audi;A4;2007
933;Emlyn;Ajam;eajampw@nifty.com;Male;MINI;Cooper;2005
934;Cassey;Dibbin;cdibbinpx@studiopress.com;Female;Audi;A4;2000
935;Dewie;Blatcher;dblatcherpy@amazon.co.jp;Male;Volkswagen;Golf III;1995
936;Erastus;Thaxton;ethaxtonpz@earthlink.net;Male;Pontiac;Grand Prix;1983
937;Zechariah;Smeall;zsmeallq0@npr.org;Male;Buick;Regal;1989
938;Cassie;Macak;cmacakq1@ed.gov;Male;Audi;A6;1997
939;Brander;Busswell;bbusswellq2@elegantthemes.com;Male;Pontiac;Grand Am;1994
940;Jodi;Tubble;jtubbleq3@example.com;Female;Saab;9-7X;2008
941;Cordula;Kingsnoad;ckingsnoadq4@about.me;Female;Lincoln;Navigator L;2010
942;Arden;Andreoletti;aandreolettiq5@amazon.co.jp;Female;GMC;Yukon XL 1500;2000
943;Emmye;Plenderleith;eplenderleithq6@alibaba.com;Female;Chevrolet;Corvette;1959
944;Frasier;Moffett;fmoffettq7@alibaba.com;Male;Lexus;LX;1998
945;Gus;Chesley;gchesleyq8@cnbc.com;Female;Chevrolet;Corvette;1959
946;Marleah;Magne;mmagneq9@cdc.gov;Female;Lamborghini;Murciélago;2002
947;Bailie;Garrett;bgarrettqa@uiuc.edu;Male;Mitsubishi;Montero;2005
948;Chelsae;Fortune;cfortuneqb@joomla.org;Female;Honda;S2000;2009
949;Kit;Greve;kgreveqc@ovh.net;Male;Aston Martin;V12 Vantage;2011
950;Riccardo;Forrington;rforringtonqd@360.cn;Male;Subaru;Impreza;2000
951;Lora;Drinkel;ldrinkelqe@theatlantic.com;Female;Mitsubishi;Eclipse;2011
952;Nikita;Boyall;nboyallqf@vimeo.com;Male;Chevrolet;Camaro;1975
953;Leshia;Ibbitt;libbittqg@google.ca;Female;Saturn;Sky;2007
954;Ardyce;Jarratt;ajarrattqh@sciencedirect.com;Female;Pontiac;Grand Prix;1977
955;Win;Kingdom;wkingdomqi@wikipedia.org;Male;GMC;Yukon XL 2500;2007
956;Anabal;Mabon;amabonqj@360.cn;Female;Dodge;Charger;2006
957;Nico;Wewell;nwewellqk@seattletimes.com;Male;Audi;A5;2011
958;Fabiano;Syson;fsysonql@artisteer.com;Male;Chevrolet;Equinox;2006
959;Fredek;Feldmark;ffeldmarkqm@about.com;Male;Mercury;Milan;2009
960;Sheelah;Pattinson;spattinsonqn@shutterfly.com;Female;Volkswagen;Golf;2012
961;Juliette;Bucham;jbuchamqo@plala.or.jp;Female;Spyker;C8 Laviolette;2004
962;Barbette;McMurraya;bmcmurrayaqp@1und1.de;Female;Jaguar;XF;2009
963;Adan;Cremer;acremerqq@hubpages.com;Male;Volvo;C70;2011
964;Tiena;Fanshawe;tfanshaweqr@meetup.com;Female;Toyota;Tundra;2009
965;Mordy;Marion;mmarionqs@bravesites.com;Male;Holden;VS Commodore;1996
966;Nadia;Cordelette;ncordeletteqt@timesonline.co.uk;Female;Oldsmobile;Cutlass Supreme;1995
967;Amalee;Chat;achatqu@berkeley.edu;Female;Nissan;Frontier;2004
968;Jessica;Attiwill;jattiwillqv@dyndns.org;Female;Suzuki;Grand Vitara;2001
969;Liuka;Sunley;lsunleyqw@msn.com;Female;Cadillac;XLR-V;2008
970;Corty;Hundell;chundellqx@homestead.com;Male;Audi;S4;2008
971;Noby;Sparway;nsparwayqy@blog.com;Male;Hyundai;Tucson;2005
972;Felita;Izhak;fizhakqz@feedburner.com;Female;Volkswagen;CC;2012
973;Nikolai;Perham;nperhamr0@dedecms.com;Male;Chevrolet;Vega;1971
974;Petronella;Noad;pnoadr1@walmart.com;Female;Toyota;Land Cruiser;1997
975;Jamison;Folliott;jfolliottr2@photobucket.com;Male;Buick;Skyhawk;1986
976;Tim;Peery;tpeeryr3@addtoany.com;Male;Dodge;Grand Caravan;2012
977;Fonzie;Canada;fcanadar4@meetup.com;Male;Lincoln;MKZ;2008
978;Dalt;Pinchbeck;dpinchbeckr5@multiply.com;Male;Saturn;Astra;2008
979;Sasha;Giovani;sgiovanir6@1688.com;Male;Mitsubishi;Endeavor;2006
980;Jaquenette;Greenway;jgreenwayr7@digg.com;Female;Dodge;Caravan;2010
981;Dill;Dun;ddunr8@go.com;Male;Suzuki;SJ;1994
982;Renault;Brodley;rbrodleyr9@goodreads.com;Male;Dodge;Ram 3500;2001
983;Fey;Hawkings;fhawkingsra@ca.gov;Female;Mitsubishi;RVR;1993
984;Reece;Aldren;raldrenrb@omniture.com;Male;GMC;Savana 3500;2012
985;Pennie;Seers;pseersrc@narod.ru;Female;Geo;Storm;1992
986;Ira;Findley;ifindleyrd@ezinearticles.com;Male;Mercedes-Benz;CL-Class;2010
987;Virgilio;Dewes;vdewesre@vkontakte.ru;Male;GMC;Sierra 1500;1999
988;Efren;Blamey;eblameyrf@va.gov;Male;Saab;9-5;2002
989;Derrek;Ateridge;dateridgerg@bluehost.com;Male;Ford;Taurus;2008
990;Rowen;Dabel;rdabelrh@skyrock.com;Male;Infiniti;Q;1998
991;Jordon;Marchment;jmarchmentri@reddit.com;Male;Ford;LTD Crown Victoria;1984
992;Jdavie;Saywell;jsaywellrj@slashdot.org;Male;Mercury;Tracer;1991
993;Carolee;Moynihan;cmoynihanrk@twitpic.com;Female;Volkswagen;Jetta;1998
994;Brandtr;Ferney;bferneyrl@vinaora.com;Male;BMW;Z4;2011
995;Madonna;Ewan;mewanrm@blogspot.com;Female;Ferrari;F430;2008
996;Pammi;Snyder;psnyderrn@linkedin.com;Female;Ford;Explorer;1996
997;Dela;Hadwick;dhadwickro@furl.net;Female;BMW;3 Series;1994
998;Andrus;Kimberly;akimberlyrp@icq.com;Male;Ford;GT;2006
999;Raeann;Janota;rjanotarq@army.mil;Female;Ford;Explorer Sport Trac;2005
1000;Louie;Duffit;lduffitrr@pbs.org;Male;Ford;Ranger;2010
